article,reference,textrank,distilbart,rouge_l_textrank,rouge_l_distilbart
"Down Augusta way they say the azaleas are in full bloom, which is more than can be said for England’s Justin Rose. A bruising Florida swing last month saw the Englishman fall outside the world’s top 10. For a player who has been virtually a fixture in the top five for the last three years it was certainly a dent to the ego, with the Masters now just around the corner. Rose’s solution to his miserable form — three missed cuts and a 55th-place finish at the Cadillac Championship in four PGA Tour starts — was the time-honoured one. For the past two weeks, the 34-year-old has spent long hours on the practice ground. Justin Rose hit 17 out of 18 greens in regulation and signed for a 69 at the Shell Houston Open . In the first round of the Shell Houston Open on Thursday there were encouraging signs his decline will prove temporary. Rose hit 17 out of 18 greens in regulation and signed for a 69, the same score as his playing partner, the ever- consistent Jordan Spieth. ‘It’s certainly a welcome return to the sixties, for it had been a while,’ said Rose, smiling. On a day when American Scott Piercy went round in 63 and Phil Mickelson enjoyed his best round in months with a 66, it was hardly surprising the only reporter waiting to talk to Rose was this one. But under the radar is never a bad place to be going to the Masters. The boom and bust years that characterised the first half of Rose’s career meant there was never going to be any feelings of panic following his unusually poor run in the Sunshine State. ‘There’s no doubt I lost my game there but the Florida swing can be unforgiving if you’re slightly off,’ he said. ‘Over the past two weeks I feel like I’ve done some good work and whether I finish well or not here I feel like I’m going in the right direction again. ‘Basically I was getting ahead of the ball at impact, and shots were going left or right, the irons were not solid and the new putter was not working. So we’ve corrected the faults and I’ve gone back to the old putter.’ Phil Mickelson enjoyed his best round in months with a 66 on Thursday . Does he pay much attention to the world rankings? ‘You notice, for sure,’ he said. ‘I’m very proud of the fact I’ve been in the world’s top five for practically the whole of the last three years. It’s a nice ego thing, so by the end of the year I’m hoping there won’t be any slippage. ‘But right now, I’ve got to focus on my game in the knowledge that the rankings change fast when you’re playing well. I’m in all the tournaments I want to be in, so there’s no need to worry on that score. Typically, your good years are built around four or five really good weeks, so you have to stay patient.’ He’d certainly love for one of those good weeks to be the next one. Rose paid a reconnaissance visit to Augusta last Monday and felt the same old thrill. ‘It’s such a treat to enjoy it when it is quiet, you still pinch yourself,’ he said. ‘I think if I’d had a crystal ball when I was 13 or 14 and it had said I’d get to play Augusta every year, I’d have been very happy with that.’ He’s certainly had his share of adventures during his nine appearances to date. Rose might be the only player in Masters history to have led or had a share of the lead after every round bar the last one. His best chance so far of finishing on top after 72 holes came in 2007, when he stood on the 17th hole tied for the lead only to run up a fatal double-bogey six. Paul Casey celebrated his last-gasp Masters invitation with two eagle threes in a fine round of 68 . ‘The Masters has probably been less on my mind this year because I am trying to find some form,’ he admitted. ‘But I think the fact I’ve had a number of great rounds there will always stand me in good stead. Regardless of what happens here, I feel comfortable on that course and know I can manage my game even if it’s not 100 per cent. You draw off the energy of the place.’ Mickelson has certainly done that over the years and perhaps the veteran lefty, a three-time Masters champion, is gearing himself up for another run at the green jacket. ‘It was a good start to the tournament and now I’m looking for three more good rounds,’ he said. 'This is a big week for me. I felt the game was close last week. The only thing missing was chipping and short game.' Paul Casey, like Mickelson another former winner of this event, celebrated his last-gasp Masters invitation with a fine round of 68 notable for two eagle threes. In the afternoon wave, Padraig Harrington and Lee Westwood both made good starts to play their first six holes in two under.","Justin Rose bounced back from Florida misery by carding 69 in Houston .
Three-time Masters champion Phil Mickelson enjoyed return to form .
Paul Casey celebrated last-gasp Masters invitation with fine round of 68 .","‘Over the past two weeks I feel like I’ve done some good work and whether I finish well or not here I feel like I’m going in the right direction again. So we’ve corrected the faults and I’ve gone back to the old putter.’ Phil Mickelson enjoyed his best round in months with a 66 on Thursday . Paul Casey, like Mickelson another former winner of this event, celebrated his last-gasp Masters invitation with a fine round of 68 notable for two eagle threes.", Justin Rose hit 17 out of 18 greens in regulation and signed for a 69 at the Shell Houston Open . The Englishman fell outside the world’s top 10 last month after a bruising Florida swing . Phil Mickelson enjoyed his best round in months with a 66 . Paul Casey celebrated his last-gasp Masters invitation with two eaglerees of 68 .,0.26229508196721313,0.36170212765957444
"There was no special treatment for Lewis Ferguson at Paul Nicholls’ yard on Thursday morning. The 18-year-old was mucking out the stables as usual, just a cut on the nose to show for the fall which has made him an internet sensation. Ferguson, whose double somersault horror fall from the favourite Merrion Square in the 4.20pm at Wincanton on Wednesday has been watched hundreds of thousands of times online. But he was back riding out and said he was undeterred from getting back in the sadal. ‘It was just a blur,’ he said, ‘I couldn’t work out what had happened until I got back to the weighing room and watched the replay. All the other jockeys asked me if I was alright and stuff, they all watched with me and looked away in horror. It’s about the most impressive fall I’ve seen. Jockey Lewis Ferguson, 18, who survived a spectacular fall from Merrion Square shows off the cut on his nose . Ferguson, whose double somersault horror fall has been watched by hundreds of thousands online . The 18-year-old was mucking out the stables as usual at Paul Nicholls’ yard on Thursday morning . ‘There was nothing I could do to avoid it, you just have to let it take it’s course and hope it’s not a bad one. I’ve just got a cut on the nose so I’ve been very lucky. I got a bit of abuse from the lads and picked up a few hundred twitter followers but it’s all good banter. It won’t stop me getting back on a course. There’s been no special treatment. ‘My parents who live in the Scottish Borders were worried so I gave them a call so they knew I was ok. It’s not going to put me off riding at all I’d like to ride at the Cheltenham Festival and Aintree every year, that’s the ultimate aim. Bit disappointing because he was in front and maybe could have won. Jockey Ferguson hits the fence after his ride stumbles wildly on the approach to the fence at Wincanton . Colliding with the barrier forces the amateur jockey into a spectacular mid-air somersault . Wincanton clerk of the course Barry Johnson called it the worst fall he had ever seen. It was only Ferguson’s fifth race and the first time he had fallen although he has fallen a few times riding out. ‘Hopefully the next time I’m on the front page of the newspaper it will be for winning the Gold Cup or the Grand National. I gave the horse a little pat after, not a big one. Given the somersaults, maybe I’ll look at having a gymnastics career after finishing racing.’ Merrion Square was a hotly-tipped favourite to win the 4.20 at Wincanton on Wednesday until the fall . Ferguson escaped the fall and the only real pain was the cut on his nose and the banter from his friends .","Lewis Ferguson fell from Merrion Square at Wincanton on Wednesday .
Despite spectacular tumble he escaped with just a cut nose .
Ferguson has been mucking out stables as usual on Thursday morning .
The 18-year-old says incident that went viral was 'just a blur' to him .","Ferguson, whose double somersault horror fall from the favourite Merrion Square in the 4.20pm at Wincanton on Wednesday has been watched hundreds of thousands of times online. Jockey Lewis Ferguson, 18, who survived a spectacular fall from Merrion Square shows off the cut on his nose . Ferguson, whose double somersault horror fall has been watched by hundreds of thousands online ."," Lewis Ferguson was mucking out the stables as usual at Paul Nicholls' yard on Thursday morning . The 18-year-old survived a spectacular fall from Merrion Square in the 4.20pm at Wincanton on Wednesday . Ferguson, whose double somersault horror fall has been watched by hundreds of thousands online .",0.26168224299065423,0.3157894736842105
"When emergency crews received a call saying 'someone' had been knocked down by a car in Essex, they immediately sent two ambulances to the rescue. But the vehicles returned to base just moments later when the caller revealed the 'victim' was actually a squirrel that had been run over in Epping Forest. The report forms just part of a long list released by East of England ambulance service detailing their most bizarre, and irritating, call outs. Two ambulances were sent to Epping Forest after a caller told crews 'someone' had been run down, only for the 'victim' to turn out to be a squirrel. Another man said he had dropped his burger and it was 'bleeding' Another came from reveller in Basildon, Essex, who said 'I've dropped my burger and it is bleeding', while a third woman in Chelmsford, dialled 999 to report 'I've eaten too much takeaway food.' The service said it receives around 2,500 calls per day, and in the last two years has had to deal with 1,248 that did not need emergency help. Front-line crews have attended almost half of the phoney calls, believing them to be genuine emergencies. Also on the list is a woman from  Shoeburyness who called to say she was locked out of the house, while a man in Peterborough called to say his feet hurt after wearing shoes that were too small. In Hitchin, Hertfordshire, a man told 999 staff: 'I have been dieting and feel lethargic.' Gary Morgan, Regional Head of Emergency Operations Centres, asked people to use common-sense when calling, adding that misguided or hoax calls could cost lives. East on England ambulance revealed the bizarre calls as part of a list of 1,248 inappropriate call outs, saying that crew attended half of them, potentially putting lives at risk (file image) He said: 'We're an emergency service and our front-line staff are trained to save lives. 'However, sadly, some of the calls we receive are not even medically related and we will refer hoax calls to the police. 'We prioritise all life-threatening calls to get the quickest possible response. 'However, that response can be affected if our call handlers and front-line staff are dealing with inappropriate 999 calls. 'We would strongly urge people who think it is funny to make a prank call to stop and think about the potential consequences.' In another strange call one woman phoned to say she felt ill after eating too much takeaway, while a man reported that his feet were hurting after wearing shoes that were too tight .","Woman reported 'someone' had been run over, but victim was a squirrel .
Another man dialled 999 to say he dropped a burger which was 'bleeding'
East of England ambulance service warned hoax calls can cost lives .","Two ambulances were sent to Epping Forest after a caller told crews 'someone' had been run down, only for the 'victim' to turn out to be a squirrel. East on England ambulance revealed the bizarre calls as part of a list of 1,248 inappropriate call outs, saying that crew attended half of them, potentially putting lives at risk (file image) He said: 'We're an emergency service and our front-line staff are trained to save lives. 'However, that response can be affected if our call handlers and front-line staff are dealing with inappropriate 999 calls."," Two ambulances were sent to Epping Forest after a caller said 'someone' had been run down . But the 'victim' turned out to be a squirrel that had been hit by a car in the forest . East of England ambulance service released a list of 1,248 'inappropriate' call outs . Front-line crews have attended half of the phoney calls, believing them to be genuine emergencies .",0.17910447761194032,0.297029702970297
"A loving boyfriend has granted his girlfriend her birthday wish of having their wedding photographs taken - even though they can't officially get married yet because she is bedridden in hospital. Guo Kai and girlfriend Dong Hui, who turned 22 on Monday, had been planning to get married this month in Sichuan in southwest China. But Dong was suddenly diagnosed with serious bone cancer and admitted to hospital, meaning a formal ceremony had to be postponed, reported the People's Daily Online. Big day: Dong Hui, 22, was diagnosed with bone cancer last month but still wanted to have wedding photographs taken for her birthday . You may kiss the bride: The couple had planned to tie the knot this month, but had to make do with the photos for now . Besotted: Guo Kai (pictured right) has been at his girlfriend's bedside every day . Instead, family and friends helped Dong put on a beautiful wedding dress so that a team of professional photographers could take pictures for the besotted couple. Dong had to stay lying down the whole time due to her condition, which causes severe pain and can lead to joint dysfunction. After medical staff removed her catheter, her friends showed Dong three wedding dresses to choose from. She chose one with embroidered flowers and had her make-up done, before her husband-to-be handed her a bouquet of red roses. As they posed together, Dong whispered to her partner: 'To have you at my side is so important for me'. Since she has been admitted to hospital, Guo - who is now a firefighter - has constantly been at her bedside to attend to her every need. Commitment: Guo arranged for professional photographers to come to the hospital to take the pictures . Romantic: The couple met last year after a mutual friend introduced them and they quickly fell in love . To help with her treatment Dong needs to be turned once every hour. Guo has set 24 alarms on his phone to make sure he does not forget. The couple met a year ago after a mutual friend introduced them to each other, and they quickly fell in love. Guo said to his bride-to-be: 'I love you - marry me. I will make sure every day in the hospital will be a happy one and I will be with you as you win this battle. I believe you will recover and stand up again.' Overwhelmed: The bride-to-be got emotional as friends and family congratulated the couple . Vow of love: The couple exchanged rings, even though they can't officially get married yet . He later added: 'I just want to make sure that this birthday is full of happiness and meaning for Dong. 'The wedding and photo shoot is a dream for us all and something we had planned for.' 'Dong Hui and I both experienced the 2008 Wenchuan earthquake and understand the value of life so no matter what difficulties we encounter we will face them together.' Dream dress: Friends brought three wedding gowns to the hospital for Dong to choose between .","Guo Kai and girlfriend Dong Hui, 22, had planned to get married this month .
But ceremony had to be postponed after Dong was admitted to hospital .
Instead Guo arranged for photographers to go to the ward on her birthday .
Family and friends helped Dong get into her dream wedding dress .","Big day: Dong Hui, 22, was diagnosed with bone cancer last month but still wanted to have wedding photographs taken for her birthday . Instead, family and friends helped Dong put on a beautiful wedding dress so that a team of professional photographers could take pictures for the besotted couple. Dream dress: Friends brought three wedding gowns to the hospital for Dong to choose between ."," Dong Hui, 22, was diagnosed with bone cancer last month but still wanted to have wedding photographs taken for her birthday . She turned 22 on Monday and Guo Kai has been at her bedside every day . The couple had planned to get married this month in Sichuan in southwest China . Instead, family and friends helped Dong put on a wedding dress so that a team of photographers could take pictures .",0.2807017543859649,0.3
"(CNN)Sunday's announcement that Corinthian Colleges Inc. would shut down all of its remaining 28 campuses is a positive development in a long struggle to hold for-profit colleges accountable. Corinthian, which once enrolled more than 70,000 students, is one of the worst of the ""predator colleges"" -- schools that offer dubious degrees, saddle students with high amounts of debt and gobble up tens of billions of dollars in federal money every year. Many of these schools are for-profit career colleges that operate mostly online. It's no wonder that Corinthian is doing this after the U.S. Department of Education curtailed its access to federal student aid last summer. There are about 1.3 million students enrolled in for-profit colleges, many of which have questionable track records, and their students need help transitioning into legitimate postsecondary schools. With Uncle Sam's student loan debt sheet topping $1 trillion, we literally can't afford to continue funding for-profit colleges -- which reportedly get 86% of their funding from federal student loan money. For those not familiar with the for-profit college fiasco, here's the whole story in one telling statistic: While for-profit colleges enroll only 13% of the nation's college students, such colleges account for nearly half of all student loan defaults, according to Department of Education statistics. For comparison's sake, the default rate of for-profit college students is worse than the default rate of the worst subprime borrowers during the financial crisis. How do these colleges operate? It's deviously simple: Convince low-income students into borrowing tens of thousands of dollars through easy federal student loans, keep costs low through online classes and part-time professors, and watch the money roll in. The aggressive tactics of these colleges boggle the mind. Recruiters are told to make 100 phone calls and leave 100 messages a day, according to a ProPublica investigation. I can personally attest to the aggressive tactics. My phone number was accidentally placed on a call list for a for-profit college recently, and I received so many calls per day that I had to ask my wireless carrier to block the phone number. Stopping the exploitation of students isn't easy. The for-profit college business is a multibillion-dollar industry. The CEOs of these companies make millions of dollars a year, employ an army of lobbyists and donate money to both political parties. But the past two months brought a new twist to the crisis. Hundreds of graduates of the now-defunct Corinthian joined a ""debt strike,"" publicly declaring their refusal to pay back their loans. In response, Education Department Secretary Arne Duncan signaled a willingness to forgive loans of Corinthian graduates who have crushing debt and no job prospects. Now that Corinthian is finally shutting down, we must finish the job. The remaining for-profit colleges should be closed. Any student not gainfully employed or transferred to a reputable college within three years should be considered a victim, and their debts should be forgiven. Yes, ""victim"" is the right word. If these degrees actually helped people get jobs, we should be celebrating them. But according to a jaw-dropping report by the Education Department, the average graduate of an online for-profit college makes less than a high school dropout. Not the equivalent of a high school dropout. Less than a high school dropout. The real-life misery caused by predatory colleges is painful to hear about. One Corinthian graduate has $37,000 in debt for his computer science degree, but he can't even get a job at Best Buy, according to Slate. Another graduate, $33,000 in debt, has a medical assisting degree, but she gave up on finding employment in her field. She waits tables now, The Chronicle of Higher Education says. I can already hear your next question. If for-profit colleges are this terrible, are they at least cheaper? No. In fact, their cost is reportedly around 60% higher than a comparable degree from a public college. What's even more frustrating is that we've known about the shenanigans of these predator colleges for years. A 2011 report by the Government Accountability Office found widespread rule breaking by the largest for-profit colleges -- everything from accepting fictitious high-school diplomas to encouraging plagiarism and cheating. In one example, an undercover federal investigator posing as a student was told by a professor, ""It's not hard to get a 100% on the second try; just jot down the correct answers and take the quiz again,"" according to The New York Times. In 2013, Career Education Corp. paid $10 million to settle charges by the state of New York regarding phony job-placement claims. All told, no fewer than 36 state attorneys general were investigating for-profit colleges in 2014. After selling off 95 of its campuses last year, Corinthian said on Sunday that it tried unsuccessfully to sell the remaining 28 campuses, blaming the failure on ""federal and state regulators seeking to impose financial penalties and conditions"" on potential buyers. You can't hide your bad behavior forever, and the questionable practices of many for-profit colleges are starting to catch up with them. Enrollment at the University of Phoenix -- the largest for-profit college in the United States -- has fallen by half, to about 213,000. We laid the smackdown on predatory lenders during the financial crisis, and it's time to do the same thing with for-profit colleges. To keep predator colleges from wrecking our faith in the college degree -- still the best pathway to a middle-class life -- we need to act now. For-profit colleges have flunked their final exam. Now it's up to their rich benefactor, Uncle Sam, to make sure they don't go back to school in the fall. Editor's Note: An earlier version of this article said the San Diego campus of the University of Phoenix had been banned from enrolling military veterans last year; that issue has been resolved.","David Wheeler: Corinthian, considered a ""predator"" school, will shut down campuses .
Wheeler: Students of for-profit colleges are hapless victims; their debts should be forgiven .","Corinthian, which once enrolled more than 70,000 students, is one of the worst of the ""predator colleges"" -- schools that offer dubious degrees, saddle students with high amounts of debt and gobble up tens of billions of dollars in federal money every year. For those not familiar with the for-profit college fiasco, here's the whole story in one telling statistic: While for-profit colleges enroll only 13% of the nation's college students, such colleges account for nearly half of all student loan defaults, according to Department of Education statistics. But according to a jaw-dropping report by the Education Department, the average graduate of an online for-profit college makes less than a high school dropout."," Julian Zelizer: Corinthian Colleges Inc. announced it would shut down all of its remaining 28 campuses . Zelizer says Corinthian is one of the worst of the ""predator colleges"" schools that offer dubious degrees, saddle students with high debt .",0.11111111111111112,0.2222222222222222
"Boston (CNN)The Boston Marathon is traditionally an event in which people in and around the Massachusetts capital come together, celebrate and enjoy. But not in 2013, when three people died and over 200 were injured when a pair of bombs went off within 12 seconds of each other at the finish line. And not this year -- at least not if you're a member of the jury that convicted Dzhokhar Tsarnaev in the bombings. That's what federal Judge George A. O'Toole told jurors Tuesday, stressing the importance of avoiding anything that could be prejudicial in the trial's sentencing phase. That begins April 21, a day after this year's edition of the landmark race. ""Do not attend the Boston Marathon or any events or gatherings related to the anniversary or the current running of the Boston Marathon,"" O'Toole said in court. The judge spoke for less than 10 minutes, and stressed the seriousness of his warnings. The first phase of Tsarnaev's trial began March 4, after which federal prosecutors called 92 witnesses, and the defense just four. Timeline of the bombings, manhunt and aftermath . Tsarnaev's lawyers never disputed that their client was at the scene of the bombings and part of the days-long mayhem that followed. Tsarnaev lawyer Judy Clarke acknowledged in opening arguments that: ""It was him."" But Clarke argued that Dzhokhar Tsarnaev only took part in the plot under the influence of his brother Tamerlan Tsarnaev, who died after the bombings, but before his brother was captured in a boat parked in a Watertown backyard, . That argument wasn't enough to sway the jury, though. Rather, they convicted Dzhokhar Tsarnaev on all 30 counts he faced -- including using weapons of mass destruction, bombing a place of public use, conspiracy and aiding and abetting. A look at all of the charges . The only question now, short of a successful appeal of that verdict, is what price he'll now pay. The maximum penalty for several of the charges is death. Talking to the jury on Tuesday, O'Toole predicted that the sentencing phase will last four weeks before cautioning that forecasting a specific timetable is less reliable than guessing the weather. The plan is for the court to be in session for four days a week, as long as the process takes. Until then, O'Toole told the jurors, ""Please put the case out of your minds. Enjoy the warm weather."" What's next for Tsarnaev? CNN's Ann O'Neill reported from Boston. CNN's Catherine E. Shoichet, Alexandra Field, Aaron Cooper, Kevin Conlon, Jason Hanna and Steve Almasy contributed to this report.","Dzhokhar Tsarnaev was found guilty of all 30 counts, may face death penalty .
The sentencing phase starts April 21; a judge predicts it will last four weeks .
He warns jurors not to do anything that could be prejudicial to the case .","Boston (CNN)The Boston Marathon is traditionally an event in which people in and around the Massachusetts capital come together, celebrate and enjoy. And not this year -- at least not if you're a member of the jury that convicted Dzhokhar Tsarnaev in the bombings. What's next for Tsarnaev?"," Dzhokhar Tsarnaev's sentencing phase begins April 21, a day after this year's Boston Marathon . Judge George A. O'Toole: ""Please put the case out of your minds. Enjoy warm weather""",0.08791208791208793,0.273972602739726
"Vowing to cling on: Liberal Democrats leader Nick Clegg makes a speech during a General Election campaign visit to Sutton in south London yesterday . Nick Clegg yesterday vowed to cling on as Liberal Democrat leader even if the party is wiped out at the polls. Friends of the Deputy Prime Minister have previously indicated that he will quit as leader if the Lib Dems are reduced to fewer than 30 MPs, while sources have also suggested he will go if the party is left out of power after the election. But yesterday he insisted he would fight for his job ‘in all circumstances’. He told Sky News: ‘I’m really optimistic about the prospects of Liberal Democrats. 'Of course I want to continue to serve the country and serve my party, which I am so proud to have served for seven or eight years now.’ He added: ‘I want to lead the Liberal Democrats into and through the next Parliament in all circumstances. ‘All I am focused on at the moment is sounding the alarm about the very, very real risk that as the Labour Party and Conservative Party vacate the centre ground and hare off in which direction after another, there is a very real risk we undo all the sacrifices and hard work that have gone in over the last five years to put the country back on track economically.’ Meet and greet: Mr Clegg (far right) speaks to voters and their families during a General Election campaign visit to Sutton with Paul Burstow (second right) the party's candidate for Sutton and Cheam . His comments came as Business Secretary Vince Cable said he hoped to be made Chancellor if the Lib Dems form another coalition with the Conservatives. Mr Clegg also appeared to lean towards another deal with the Tories, saying he deserved ‘credit’ for forming the Coalition while he had endured ‘five years of constant bile from the Labour Party, who condemned us vitriolically for taking decisions which we only had to take because we had to clear up the mess they left behind’.","Sources claimed he'd go if Lib Dems are reduced to fewer than 30 MPs .
But yesterday insisted he would fight for his job 'in all circumstances'
Warned of 'very real risk we undo all the hard work over last five years'
Vince Cable hopes to be Chancellor if Lib Dems form another coalition .","Vowing to cling on: Liberal Democrats leader Nick Clegg makes a speech during a General Election campaign visit to Sutton in south London yesterday . Nick Clegg yesterday vowed to cling on as Liberal Democrat leader even if the party is wiped out at the polls. ‘All I am focused on at the moment is sounding the alarm about the very, very real risk that as the Labour Party and Conservative Party vacate the centre ground and hare off in which direction after another, there is a very real risk we undo all the sacrifices and hard work that have gone in over the last five years to put the country back on track economically.’ Meet and greet: Mr Clegg (far right) speaks to voters and their families during a General Election campaign visit to Sutton with Paul Burstow (second right) the party's candidate for Sutton and Cheam .", Deputy Prime Minister insists he will fight for his job 'in all circumstances' Comments come as Vince Cable says he hopes to be made Chancellor if Lib Dems form another coalition .,0.16831683168316833,0.4941176470588235
"Paul Gregory, 51, of Bedford, has been fined £795 for having a blue badge, claiming he could only walk 200 metres, when in fact he was a keen walker . A disability badge holder who claimed he could only walk 200 metres ended up in court after council officials noticed a newspaper report recounting his exploits on a 191-mile hike. When Paul Gregory, 51, applied to renew his blue badge, he claimed exercise left him breathless, despite being a keen walker and member of a mountaineering club. He was exposed when Bedford Borough Council staff read an article in The Westmorland Gazette,  describing how the 'experienced walker' had been attacked by cows in Cumbria on the third day of a hike in 2012. The article, which featured a picture of him dressed in walking gear, told how he was knocked over by four cows in a field at the edge of Shap in Cumbria. The council also found he had spent a weekend walking in Wales days before making a blue badge application. Gregory, of Bedford, pleaded guilty to two counts of dishonestly obtaining a blue badge by misrepresenting his physical abilities at Luton Magistrates' Court. He was fined £795, ordered to carry out 150 hours of unpaid work and pay a £60 victim surcharge. He was also subject to a one year supervision order and told to undergo 19 sessions of 'thinking skills'. A Bedford Borough Council spokesman said it was one of the 'most outrageous cases' of blue badge fraud it had investigated. He said: 'He was taking part in national walking trips that many able-bodied adults would find difficult. 'Mr Gregory's abuse of the scheme is completely unacceptable and we will continue to investigate all reports of blue badge fraud thoroughly.' Gregory was fined £795 and ordered to carry out 150 hours of unpaid work when he admitted dishonestly obtaining a blue badge by misrepresenting his physical abilities at Luton Magistrates' Court (pictured)","Paul Gregory said he could only walk 200 metres in blue badge application .
However, council staff noticed 51-year-old in newspaper report after hike .
Article described Gregory as an 'experienced walker' on a three-day trek .
Gregory fined £795 after admitting to dishonestly obtaining a blue badge .","Paul Gregory, 51, of Bedford, has been fined £795 for having a blue badge, claiming he could only walk 200 metres, when in fact he was a keen walker . Gregory, of Bedford, pleaded guilty to two counts of dishonestly obtaining a blue badge by misrepresenting his physical abilities at Luton Magistrates' Court. Gregory was fined £795 and ordered to carry out 150 hours of unpaid work when he admitted dishonestly obtaining a blue badge by misrepresenting his physical abilities at Luton Magistrates' Court (pictured)"," Paul Gregory, 51, claimed exercise left him breathless, despite being a keen walker . He was exposed when Bedford Borough Council staff read an article in The Westmorland Gazette . It said he had been attacked by cows in Cumbria on the third day of a hike in 2012 . Council also found he had spent a weekend walking in Wales days before making application . He pleaded guilty to two counts of dishonestly obtaining a blue badge by misrepresenting his physical abilities at Luton Magistrates' Court . He has been fined £795 and ordered to carry out 150 hours of unpaid work .",0.30303030303030304,0.20547945205479454
"Apple offers a range of ways to unlock its devices from PINs to passwords and fingerprints. But you could soon use a selfie to gain access to your apps and messages thanks to Apple's latest patent. The filing details a system of scanning a user's face with the front-facing camera when the handset is moved into a certain position, and automatically unlocking the device if the image matches one on file. The patent (illustrated) was filed by the California-based firm in March 2011 and awarded earlier this week. It details a method of scanning a user's face using the front-facing camera each time the phone is moved into a certain position. If the scanned face matches a previously taken photo, the phone unlocks automatically . The patent was filed by the Californian tech giant in March 2011 and awarded earlier this week. Called 'Locking and unlocking a mobile device using facial recognition', the patent explains that current methods of unlocking a device are 'inconvenient and time consuming'. Apple's patent details a method for automatically unlocking a mobile device using a system comprising of 'capturing an initial image  while the device is locked, monitoring a motion state of the mobile device to determine whether the device is moving or is motionless;  analysing the images to detect a user's face and unlocking the device.' Android Lollipop users already have an almost identical feature known as Trusted face in the Smart Lock menu. It is an extension of Face Unlock that launched on Android Ice Cream Sandwich. Once the screen is enabled and the camera is held in front of the face, the screen automatically unlocks. This relies on the user pressing the power button to enable the screen. By comparison it appears that Apple's proposed system would track the movement of the phone to determine whether it is being used, or is placed flat on a table. Apple, instead, provides a method for automatically unlocking a mobile device using a system comprising of 'capturing an initial image  while the device is locked, monitoring a motion state of the mobile device to determine whether the device is moving or is motionless;  analysing the images to detect a user's face and unlocking the device.' Android Lollipop users already have an almost identical feature known as 'Trusted face' in the Smart Lock menu. It is an extension of Face Unlock that launched on Android Ice Cream Sandwich. Once the screen is enabled and the camera is held in front of the face, the screen automatically unlocks. This relies on the user pressing the power button to enable the screen. By comparison, it appears that Apple's proposed system would track the movement of the phone to determine whether it is being used, or is placed flat on a table. The screen wouldn't need to be enabled. Instead, once the phone is moved and positioned in front of the face the camera would begin scanning. It will only unlock if the angle of the face matches, or is similar to, the one that was initially taken to avoid the phone unlocking simply when the phone is near a face. As Apple explained: 'In one embodiment, the image is analysed for a facial profile of a human face, without regard to a specific user. Apple's proposed system tracks the movement of the phone to determine whether it is being used, or is placed flat on a table (flow chart shown). The screen wouldn't need to be enabled. Instead, once the phone is moved and positioned in front of the face the camera would begin scanning for a face . Android Lollipop users already have an almost identical feature known as 'Trusted face' (left) in the Smart Lock menu. Once the screen is enabled and the camera is held in front of the face, the screen automatically unlocks. The face icon between the Whatsapp and Chrome logo (right) shows the feature is enabled . 'In this case, the device will only need to determine that a human facial profile is present.' It continued that once an allotted period of time has elapsed and a user's face is not detected in any of the images, the device stays locked. 'In another embodiment, detecting the user's face may also include verifying that the user is an authorised user of the device,' the files continued. 'Trusted face' and Smart Lock are extensions of the Face Unlock feature that was launched on Android Ice Cream Sandwich (pictured). This relies on the user pressing the power button to enable the screen . 'The predetermined facial profile may be determined from an image that was previously captured by the device's camera and stored in a storage of images of authorised users.' Chip maker Qualcomm has unveiled its Sense ID 3D fingerprint scanner - the first biometric sensor using ultrasonic technology. It uses ultrasonic sound waves to capture the ridges, sweat pores and more on the tip of a finger in greater detail than capacitive touch ID sensors seen on the likes of Apple and Samsung devices. This not only makes it more accurate than other sensors, but it will also work even if the user’s hands are wet or have dirt or lotions on it, for example. Phones running Sense ID are expected to launch later this year, but Qualcomm did not reveal to MailOnline which devices or manufacturers it is working with. The patent also suggests this feature could be used by multiple users, in the way that multiple fingerprints can be added to its current Touch ID system. 'In this case, the database of images of authorised users would contain an image for each  user,' it added. 'To match a facial profile in the subsequent image, the device would have to compare the subsequent image to each image in the database. 'Furthermore, each authorised user may have an associated unlocking profile in the database that indicates what functions or applications of the device are enabled when the device is unlocked.' Phone makers are looking for alternative ways to secure devices while making them faster and more convenient to open. For example, Fujitsu recently demonstrated its iris scanning prototype that lets people access phones, apps and online accounts by staring at an infrared sensor. This would work in a similar way to facial recognition, but is more secure and unique to an individual user. Phone makers are looking for alternative ways to secure devices while making them faster and more convenient to open. For example, Fujitsu recently demonstrated its iris scanning prototype that lets people access phones, apps and online accounts by staring at an infrared sensor (illustrated)","The patent was filed in March 2011 and awarded to Apple earlier this week .
It details a method of scanning a user's face using the front-facing camera .
If the scanned face matches with a photo that was previously taken and stored, the phone unlocks automatically .
Android Lollipop already has a similar feature called 'Trusted face'","Once the screen is enabled and the camera is held in front of the face, the screen automatically unlocks. Once the screen is enabled and the camera is held in front of the face, the screen automatically unlocks. Once the screen is enabled and the camera is held in front of the face, the screen automatically unlocks."," The patent was filed by the California-based firm in March 2011 and awarded earlier this week . It details a method of scanning a user's face using the front-facing camera each time the phone is moved into a certain position . If the scanned face matches a previously taken photo, the phone unlocks automatically . Android Lollipop users already have an almost identical feature known as 'Trusted face' in the Smart Lock menu . This relies on the user pressing the power button to enable the screen .",0.21052631578947367,0.6293706293706294
"Veteran actor Robert Hardy is selling his enormous collection of antiques in a £100,000 auction after deciding to downsize his home. The star, known for appearing in All Creatures Great and Small and playing Winston Churchill several times, is auctioning off more than 200 items he has collected over his career. Mr Hardy, 89, is a keen military historian who studied English with J.R.R. Tolkien and is now an expert on the medieval longbow. Sale: Actor Robert Hardy is selling off his collection of antiques including a diorama of the Battle of Agincourt . Cabinets: A pair of early Victorian items of furniture made by Gillows of Lancaster which are set to fetch up to £4,000 at the auction on Saturday . Portrait: A painting of Mr Hardy holding a longbow, reflecting his interest in medieval history . One of the most unusual items featured in the auction of his possessions is a hand-painted limewood diorama depicted the progress of the Battle of Agincourt in 3D. The piece was created by artist L.M. Rendall in the 1960s after being commissioned by Mr Hardy himself, and has an estimate of £4,000 to £6,000. There is also a longbow made from yew with a mother-of-pearl handle, as well as a portrait of Mr Hardy holding the bow, which is set to sell for up to £2,000. The actor is also selling paintings, furniture, swords, flintlock rifles, silverware and a fine collection of crystal chandeliers. Diorama: The 3D model was commissioned specially by Mr Hardy from artist L.M. Rendall in the 1960s . Close-up: The piece was rendered in amazing detail showing the progress of the battle in 1415 . Luxurious: A view of many of the items of furniture and other antiques which are being sold . Dozens of books, some dating back to the 17th century, are included in the auction which is set to take place this Saturday. A total of 238 lots are being sold by Dominic Winter auctioneers at its saleroom in South Cerney, Gloucestershire. Mr Hardy, who lives in the Cotswolds, said that he was sad to sell his collection. 'Downsizing and losing a great part of a treasured library makes for sadness,' he said. 'Entrusting it all to Dominic Winter and Co has taken away much of the pain, and through them I wish anyone who comes to possess anything that was mine as much joy and pleasure as it has given me through the years.' Historical: An early 20th-century painting of Alfred the Great rebuilding London, by Frank Owen Salisbury . Auction: The objects are being sold at Dominic Winter in Gloucestershire on Saturday . Pride: Mr Hardy pictured in 2012 with the longbow and other objects from his collection . He has built up the haul of antiques thanks to his interest in classic literature and military history. Mr Hardy was taught by Tolkien and C.S. Lewis when he studied English at Magdalen College, Oxford, and he has published two books on the history of the longbow. He was also consulted as an expert during the raising of the Tudor shipwreck the Mary Rose. Mr Hardy, a close friend of Richard Burton, worked with top actors including Laurence Olivier, John Gielgud and Judi Dench during his early days as a Shakespearean specialist. He found national fame playing vet Siegfried Farnon in All Creatures Great and Small, the hit BBC drama which aired between 1978 and 1990 and also starred Lynda Bellingham. Star: Mr Hardy, left, is known for his role as vet Siegriein the BBC's All Creatures Great and Small . Role: He has frequently played Winston Churchill in a series of television dramas . New generation: Mr Hardy appeared as Minister for Magic Cornelius Fudge in the Harry Potter films . The actor is well known for portraying Winston Churchill in a number of television performances, and has also played Churchill's fellow Second World War leader Franklin D. Roosevelt. More recently, he introduced himself to a younger generation of viewers with an appearance in the Harry Potter films, where he played Cornelius Fudge, the Minister for Magic. Mr Hardy was forced to retire from stage acting two years ago, when he suffered a fall while playing Churchill again in The Audience, a West End play about the Queen which starred Helen Mirren. However, he has insisted that he will continue to do television work despite his advanced age.","Robert Hardy, 89, is a military enthusiast who studied English literature under J.R.R. Tolkien .
He is selling off a huge collection of books, artwork and furniture .
Among the objects which have gone up for auction are a huge 3D diorama of the Battle of Agincourt .","Sale: Actor Robert Hardy is selling off his collection of antiques including a diorama of the Battle of Agincourt . Portrait: A painting of Mr Hardy holding a longbow, reflecting his interest in medieval history . Rendall in the 1960s after being commissioned by Mr Hardy himself, and has an estimate of £4,000 to £6,000."," Actor Robert Hardy is auctioning off more than 200 items he has collected over his career . The 89-year-old actor is selling a diorama of the Battle of Agincourt in 3D and a longbow made from yew with a mother-of-pearl handle . He is also selling paintings, furniture, swords, flintlock rifles, silverware and crystal chandeliers . A total of 238 lots are being sold at Dominic Winter auctioneers in Gloucestershire on Saturday .",0.2745098039215686,0.21666666666666665
"Fenerbahce have called for the suspension of the Turkish championship following the gun attack on their team bus on Saturday. The bus came under armed attack as it drove to the airport following an away match at Caykur Rizespor in Turkey's Super Lig. Fener said on their official website the bus driver was wounded in the attack and taken to hospital and there was no mention of any injuries to anyone else. Marks can be seen on the windscreen of the Fenerbahce team bus after the attack . The window nearest the driver was smashed during the attack on Saturday night . The injured driver, with blood seeping from a head wound, seeks help  after the attack . A statement on the club's official website on Sunday said: 'We consider that as long as this attack is not solved in a way that satisfies Fenerbahce and public opinion, a suspension of the championship is inevitable. 'Blood ran and football was silenced. Finding and punishing the culprits is of vital importance for Fenerbahce.' Following the incident, Fener midfielder Mehmet Topal told Sky News: 'We cheated death. God protect us. I hope our driver will be all right. Words fail me. It's unbelievable.' The club posted several pictures of the bus on their website after the attack which showed a shattered side window and damage to the front windscreen. Players and coaching staff survey the damage after the attack near the city of Trabzon . Fenerbahce coach Ismail Kartal (right) points to the bullet holes as a policeman inspects the damage . Local TV footage reportedly showed the damage to the team bus and a hole in the steering wheel . The pictures also showed blood on the driver's seat and the steering wheel. The attack followed Fener's 5-1 win away to Rizespor. The bus was going over a viaduct on its way from the city of Rize to the airport in Trabzon to return to Istanbul. Fener general secretary Mahmut Uslu said on the club website the attack was 'very wrong', saying: 'We came here to play sport, we came to play football.' The Turkish Football Federation released a statement condemning the attack.","Bus carrying 40 players and staff back from away game was attacked .
Fenerbahce want Turkish championship halted while matter is resolved .
The bus driver was wounded in the attack and taken to hospital .",Fenerbahce have called for the suspension of the Turkish championship following the gun attack on their team bus on Saturday. Fener said on their official website the bus driver was wounded in the attack and taken to hospital and there was no mention of any injuries to anyone else. The club posted several pictures of the bus on their website after the attack which showed a shattered side window and damage to the front windscreen., Fenerbahce have called for the suspension of the Turkish championship following the gun attack on their team bus on Saturday . The bus came under armed attack as it drove to the airport following an away match at Caykur Rizespor in Turkey's Super Lig . Fener said on their official website the bus driver was wounded in the attack and taken to hospital . There was no mention of any injuries to anyone else .,0.2777777777777778,0.28571428571428575
"A narrow two-bedroom home so small it is only 5ft wide in places has been snapped up for a staggering £750,000. The tiny home is sandwiched between two double fronted properties on a leafy street in Islington, north London. Despite being only a little wider than a rugby player’s shoulders, the estate agency blurb described the property as being 'well proportioned'. Scroll down for video . The tiny home (circled), sandwiched between two other properties, which has sold for £750,000, is located on a leafy street in Islington, north London . Inside, the narrow house is only 5ft wide in some areas, a little over the size of a rugby player's shoulders and its maximum width is 8ft 8in . The home has what boat owners would call a narrow 'galley kitchen', an expert has said, with the estate agency calling it 'well proportioned' The property is a two-bedroom apartment, with a narrow but long and extended back section . It also features tiny study, reception room, shower room, cloakroom, kitchen and a garden and is said to be garnering a lot of interest . It has two-bedrooms, a tiny study, reception room, shower room, cloakroom, kitchen and a garden. At its widest, it stretches across 8ft 8in. The property was put on the market with Foxtons for £750,000 - almost double the price it sold for in 2001. Neither its dimensions nor its size put off buyers - with the estate agency yesterday confirming the home was now under offer. The advert called it a 'stylish two bedroom period house' which 'offers beautifully bright living space throughout with characterful touches and a pretty rear garden'. Foxtons declined to comment. At a price of £750,000, the buyer will have to pay £27,000 in stamp duty - the same as a second-hand narrow boat which is 50ft long. Henry Pryor, a buying agent, said: 'This home must be one of the few in which you genuinely could not swing a cat. 'Strangely the first floor master bedroom is wider than the ground floor room below and it has what boat owners would know as a ""galley kitchen"". 'A lot of buyers would struggle with the idea of living in a home little bigger than a cricket net.' Late last year a 34-bedroom North Devon mansion which is 40 times the size of the Islington home sold for just £600,000. The property's backyard is a narrow strip of land stuck between the house and a neighbour's fence . The backyard deck runs along the roof of a room in the tiny house giving the occupants a place to sit outside on sunny days . At a price of £750,000, the buyer will have to pay £27,000 in stamp duty. It previously sold for only half the price when it was on the market in 2001 .","Narrow two-bedroom home in Islington, north London has sold for £750,000 despite measuring 5ft wide in places .
The estate agency describes the property as 'well proportioned' and includes a reception room, shower and kitchen .
It was put on the market for £750,000, almost double what it sold for in 2001 when it was previously put up for sale .","The tiny home (circled), sandwiched between two other properties, which has sold for £750,000, is located on a leafy street in Islington, north London . The home has what boat owners would call a narrow 'galley kitchen', an expert has said, with the estate agency calling it 'well proportioned' The property is a two-bedroom apartment, with a narrow but long and extended back section . The property was put on the market with Foxtons for £750,000 - almost double the price it sold for in 2001."," Tiny home is sandwiched between two double fronted properties in Islington, north London . Inside, the tiny house is only 5ft wide in some areas, a little over the size of a rugby player's shoulders . At its widest, it stretches across 8ft 8in and has a tiny study, reception room, shower room, cloakroom, kitchen and garden . The property was put on the market with Foxtons for £750,000 - almost double price it sold for in 2001 .",0.3945578231292517,0.43795620437956206
"The mother of a mentally ill daughter who killed herself last month has revealed how her condition worsened over years and eventually drove her to suicide. Doris Fuller's daughter, Natalie, 28, suffered from bipolar disorder and psychosis, and died when she stepped in front of a train in Baltimore, Maryland, last month. And in the wake of her death, Fuller has written about how her illness, which went undiagnosed until her early 20s, and said she was 'the bravest person I have ever known'. Scroll down for video . Opening up: Doris Fuller's daughter Natalie, left with her mom, killed herself last month - and now Fuller has opened up about how Natalie's bipolar disorder and psychosis led to her death . The mother and daughter pair had shot to fame in 2004 when they collaborated on a parenting guide based on Natalie being totally honest with her mother about whatever she was asked. Bestseller: Natalie opened up to her mom - and the result was this popular parenting book . In a long article about her daughter's life for the Washington Post, Fuller wrote how their famously close relationship was changed for good when Natalie had her first psychotic episode at the age of 22, after she had left for college. Fuller wrote: 'In the span of a few weeks she went from being a dazzling young adult with the world at her feet to a psych-ward patient with an arrest record.' Summarizing her last years, she said: 'My daughter lived more than six years with an incurable disease that filled her head with devils that literally hounded her to death, and she did it while laughing, painting, writing poetry, advocating and bringing joy to the people around her. 'She was the bravest person I have ever known, and her suicide doesn’t change that.' And though medicines and proper treatment gave Natalie her life back for a time, she eventually decided to stop taking her meds, which brought her troubles back, even more acute than before. In a mental health documentary video filmed in 2014, Natalie described the worst lows of her condition, in which she said terrifyingly real voices would tell her to hurt herself. She told the cameras: 'I believed that everything happening to me was real, and I thought that I was acting fine. 'But my mom and my brother and everyone around me could see something that I couldn't see. 'Even though [the voices] were telling me to hurt myself and do horrible things to myself, I still listened to them because I had a relationship with them. I thought they were real.' Although Natalie, a keen artist who sculpted, painted and wrote poetry, often seemed fine while on medication, Fuller told how her future seemed a little bleaker every time she relapsed. Difficulties: Natalie (left in 2014) was not diagnosed with a mental health problem until she was 22 - before then she had a regular childhood (right). She told how as she grew older voices started telling her to harm herself . Growing up: As a teenager, Natalie's no-holds-barred honesty helped make her mom a bestseller . She wrote: 'If she even inadvertently missed a few days of medication - even while receiving therapy and other forms of treatment - the demons would return, and one of the first things they would tell her was to stop taking her medicine. 'The second thing they would tell her was not to talk to her mom, the most powerful other influence in her life. 'Each time she obeyed and relapsed, she plunged into a longer free fall, hitting the ground harder, recovering more slowly and returning at a lower plateau.' According to the article, the final, ultimately fatal, change came last fall when Natalie concluded that the drugs were not helping her at all, and gave them up for good. Fuller was not specific about what happened in Natalie's last weeks, though in a post on a tribute site to her daughter, she mentioned that she had holidayed in Nicaragua with members of her family in February. Fuller, the executive director of the Treatment Advocacy Center charity has said since Natalie's death that she wants her 'legacy' to be increased understanding and compassion for the those who have mental illnesses. Treatment: When she featured in the video, Natalie told how she was living in a treatment facility and caring for animals in a bid to get better . Missing her: Natalie would have been 29 last week -pictured above is a cake her mother had made for her .","Natalie Fuller, 28, stepped in front of a train in Baltimore last month .
Mother Doris shared an account of her life this week in heartfelt article .
Told how she was diagnosed with psychosis and bipolar disorder aged 22 .
Pair wrote bestselling book, Promise You Won’t Freak Out, in 2004 .
Featured nationally on network news and was featured on Oprah .","Opening up: Doris Fuller's daughter Natalie, left with her mom, killed herself last month - and now Fuller has opened up about how Natalie's bipolar disorder and psychosis led to her death . In a long article about her daughter's life for the Washington Post, Fuller wrote how their famously close relationship was changed for good when Natalie had her first psychotic episode at the age of 22, after she had left for college. In a mental health documentary video filmed in 2014, Natalie described the worst lows of her condition, in which she said terrifyingly real voices would tell her to hurt herself."," Doris Fuller's daughter Natalie, 28, died when she stepped in front of a train in Baltimore, Maryland, last month . She was diagnosed with bipolar disorder and psychosis at the age of 22 - but was not diagnosed until she was in her early 20s . In the wake of her death, Fuller has written about how her illness drove her to suicide . She said Natalie was 'the bravest person I have ever known' and that her suicide 'doesn't change that'",0.13333333333333333,0.3142857142857143
"So, once again, it will all come down to the actions of a man from Salto. On this occasion, though, the focus will not be on Salto’s most famous son. Luis Suarez will be at the Parc des Princes tonight, forming one part of football’s most famous three-man attack, looking to fire Barcelona into the Champions League semi-finals. Usually when they reach this stage, Barcelona do not make any mistakes. Standing on the other side of the pitch will be someone who Suarez knows inside out, a player who hails from his home city in Uruguay and with whom he has shared a number of big nights when representing their country. Edinson Cavani prepares for Paris Saint-Germain's quarter-final clash with Barcelona . PSG train at Camp-des-Loges in Saint-Germain-en-Laye, west of Paris . Cavani celebrates scoring for the Paris side in the League Cup final last weekend . Edinson Cavani knows the spotlight will be shining on him this evening. If Paris Saint-Germain are to break through the glass ceiling and progress beyond the Champions League’s last eight, Cavani – a player known as El Matador – must torment the stars from Catalonia. The onus falls on Cavani for a number of reasons. First, PSG have been stripped by suspension of two key players, Zlatan Ibrahimovic and Marco Veratti, the product of that ugly last 16 success against Chelsea; Thiago Motta is injured, while David Luiz is also a major doubt. Yet there is more to it than that. Cavani has a towering reputation in the game, stemming from three prolific seasons in Naples which led to his record-breaking move to Paris, but can you think of a really vital game that he has stamped his class all over? To suggest that may seem a little harsh. He came within the width of a goal post at Stamford Bridge of being the undisputed match winner and his bullet header in the first leg in February that gave Laurent Blanc’s side the opportunity to travel to London with parity. Since then, however, Cavani has endured problems and a significant goal drought for one of his talent. Between February 17 and April 5, Cavani went seven matches without scoring and only ended the fallow spell with a double as a substitute in the Coupe de Ligue final on Saturday. PSG won that game 4-0 but had matters sewn up before Cavani came on and helped himself to a double late on (Ibrahimovic had scored twice to give them breathing space); it was his first action since an angry altercation with Blanc a week earlier during a 3-2 win in Marseille. Zlatan Ibrahimovic slides in on Oscar during PSG's second round clash at Chelsea last month . Ibrahimovic is shown the red card for his challenge on Oscar to leave PSG up against it . Ibrahimovic trudges off the field and will miss the first leg of the quarter-final against Barcelona . It has led to speculation about his future in Paris and he has been linked with a number of sides in the Barclays Premier League; Liverpool, for one, would have loved to have signed him last summer but the figures were exorbitant (he earns more per week than Radamel Falcao). Arsenal and Manchester United have also been mentioned with him, while Manchester City tested the water in June 2013 when it was clear that Cavani’s time in Serie A was over; the intensity of his play, you suspect, would enhance his prospects of thriving in the English game. Nasser Al Khelaifi, PSG’s president, maintains one of the jewels in their crown will not be sold this summer but the recent noises Cavani has made have not been ultra-enthusiastic and hint that he might be ready for a new challenge after two years in France. ‘I came to play as a centre-forward with Zlatan and after, things changed for a variety of reasons,’ said Cavani. ‘Everything else is perfect in Paris. The club has behaved very well towards me. I have had some difficult moments personally, and they protected me, supported me. ‘The fans have also always supported me. I think I'm in one of the best places in the world. I'm staying focused on my preparation to give my best for my team, to the club that pays me and has shown faith in me. You never know in football. I'm not thinking about it.’ Tonight his focus will be on Barcelona. With six goals in eight Champions League appearances this season – he averages one every 143 minutes and has created 10 chances for his team-mates – it would be risible to suggest Cavani has something to prove on this stage. That said, it might not be wrong to suggest he needs a big moment. Ibrahimovic’s ability to sprinkle stardust is beyond question, while Veratti is fast becoming one of the finest midfielders in Europe but, without them, PSG need their man from Salto to sparkle. Their prospects depend on him. Louis van Gaal is considering a move for Cavani after seeing Radamel Falcao struggle this season . Cavani is one of the highest-paid players in the world after moving to Paris from Serie A side Napoli . Cavani will come up against Luis Suarez, who was born in the same town, in the first leg in Paris .","PSG host Barcelona in the first leg of their Champions League quarter-final .
Paris Saint-Germain are without the suspended Zlatan Ibrahimovic .
In his absence, Edinson Cavani must raise his game as the main attacker .
The Uruguayan is being courted by Louis van Gaal at Manchester United .
Cavani will come up against Luis Suarez who was born in the same town .","Edinson Cavani prepares for Paris Saint-Germain's quarter-final clash with Barcelona . Cavani celebrates scoring for the Paris side in the League Cup final last weekend . Cavani will come up against Luis Suarez, who was born in the same town, in the first leg in Paris ."," PSG face Barcelona in Champions League quarter-final clash at Parc des Princes . PSG have been stripped by suspension of two key players, Zlatan Ibrahimovic and Marco Veratti . The onus falls on Edinson Cavani for a number of reasons . Cavani has endured problems and a significant goal drought for one of his talent . The striker has been linked with a move to the Premier League .",0.37037037037037035,0.2222222222222222
"Time fries when you're having fun. Dedicated waitress Judy Eddingfield, 65, celebrated her 50th anniversary working at Winstead's restaurant in Kansas City last week and declares that it's the only job's she's ever had or ever wanted. 'It's like my home away from home and I just love it here,' Eddingfield told Fox. Scroll down for video . Dedicated employee: For most of her life Judy Eddingfield has been employed as a server at Winstead's in Kansas City and says it's the only job she's ever had or ever wanted . Is that you? A staff member at Winstead's said she believes one of the women in this photograph is Judy when she first started working at the restaurant . Classic establishment:  This is a photo of the The Winstead family who own the restaurant showing up for work in 1940 around the time when Judy Eddingfield's mother started working there . Eddingfield says she remembers when French fries and a classic Coca-Cola cost just 65 cents at the same restaurant she's worked at for half-a-century. For Eddingfield, slinging burgers with a smile is a family tradition. On April, 6, 1965 Eddinngfield began working at the restaurant where she was trained by her mother who had already been employed at the establishment for 13 years. Eddingfield said that her first day on the job when she was just 15-years-old she spilled a shake all over a woman's fur coat and thought for sure that she'd be fired. 'The tray tipped over and vanilla malt slid down a lady’s fur coat. I was so embarrassed,' Eddingfield told the Kansas City Star 'Of course, she hollered,' said Eddingfield. All was forgiven after Winstead's, open since 1940, got the coat cleaned. Eddingfield along with many of her siblings continued to provide top notch service. Loves to serve: Judy Eddingfield says that her kind customers are what make her job worthwhile . Lots of love: Winstead's honored Judy Eddingfield last week for her wonderful 50 years of working at the classic burger restaurant . 'I had two brothers, my sister, my mother, two aunts, two cousins and lots of friends that have worked here,' said Eddingfield. 'I was three years old when my mother started here, so I've been eating these burger 60 some years.' Eddingfield says she even met her first husband outside the restaurant and they married 18 months later. The Kansas City Star reports that one of Eddingfield's favorite Winstead’s memories was when Jerry Mathers and Tony Dow of the television series 'Leave It to Beaver' came to eat there in the late 1970's. She said that Mathers was 'talking with his hands' and knocked sent his food flying everywhere. Marriage: Judy Eddingfield even met her true love who she calls 'Frog' at Winstead's and the pair married 18-months-later . Celebration: Dedicated waitress Judy Eddingfield celebrated her 50th anniversary working at Winstead's restaurant in Kansas City last week and declares that it's the only job's she's ever had or ever wanted . 'Leave it to Beaver,' his on-screen brother said jokingly, almost as though it were scripted. On a scarier note, Eddingfield says she once was closing up the restaurant when a man started knocking on the door with a gun. She called 911 and hid in the bathroom until the police arrived. Eddingfield's employees say that as she gets older Eddingfield gets more delightful and that she is always willing to share her knowledge of the business. 'She trained me to be her. Pleasant as she is, prompt. So that people will come here for you and continue to come,' said server Sue Allen who has been there for 13 years. Close knit team: Eddingfield, pictured with some of her coworkers, has a passion for serving food . Nothing's changed!: Winstead's when it first opened in 1940 has an almost identical style to the Winstead's that's here today . Eddingfield's biggest tip she ever received was a generous man who treated his entire staff in 2014 and staff agree it was well deserved. Eddigfield turns 66 on May 13 and though she is getting older, she plans to keep on working as long as she is healthy. When asked why she chose to stay at the establishment for so long, she replied that the customers make her job worthwhile. 'The customers really make it special,' she says. General manager Kathi Fern says that Eddingfield is one of her best employees. 'It's just amazing the way she treats her customers,' said Fern. 'I call her my dinosaur. She's a dying breed and there will never be servers like her again.' said Fern of her dedicated employee. Classic drive-thru: Winstead's was established in 1940 and to this day is known for serving quality burgers at their drive-thru .","'It's like my home away from home and I just love it here,' Judy Eddingfield said of Winstead's in Kansas City .
Judy Eddingfield celebrated her 50th anniversary working at Winstead's restaurant last week where she began working when she was 15 in 1965 .
Eddinfield's mother along with her siblings all worked at the restaurant .","Dedicated waitress Judy Eddingfield, 65, celebrated her 50th anniversary working at Winstead's restaurant in Kansas City last week and declares that it's the only job's she's ever had or ever wanted. Dedicated employee: For most of her life Judy Eddingfield has been employed as a server at Winstead's in Kansas City and says it's the only job she's ever had or ever wanted . Celebration: Dedicated waitress Judy Eddingfield celebrated her 50th anniversary working at Winstead's restaurant in Kansas City last week and declares that it's the only job's she's ever had or ever wanted ."," Judy Eddingfield, 65, celebrated her 50th anniversary working at Winstead's restaurant in Kansas City last week and declares that it's the only job's she's ever had or ever wanted . On April, 6, 1965 Eddinngfield began working at the restaurant where she was trained by her mother who had already been employed at the establishment for 13 years . She remembers when French fries and a classic Coca-Cola cost just 65 cents at the same restaurant she's worked at for half-a-century . 'It's like my home away from home and I just love it here,' she said .",0.3067484662576687,0.27329192546583847
"Microsoft has a new pilot program to hire people with autism for full-time positions within the company. The announcement was made on the company's blog by Microsoft Corporate VP of Worldwide Operations, Mary Ellen Smith, who has a teenage son, Shawn, with autism. The positions will be based at its Redmond campus in Washington and the program will be run in partnership with Specialisterne, a Danish nonprofit that helps train people with autism for careers in IT. Smith wrote on the blog: 'It's simple, Microsoft is stronger when we expand opportunity and we have a diverse workforce that represents our customers.' The announcement was made on the company's blog by Microsoft Corporate VP of Worldwide Operations, Mary Ellen Smith, who has a teenage son, Shawn, with autism . 'The day my son was diagnosed I distinctly remember the final words of two doctors I overheard as my husband and I left the medical center, ""I think they understand."" 'I also remember how we walked to the car, pulled onto the road, drove 15 miles to our home, and entered the house. All in silence. We did not know what to say. 'But we do now. What we learned over the last 15 years was to find our voice. To model what a unique advantage a young man like my son Shawn can offer. 'To think of where he is now, a college freshman and part-time employee, and where he has the potential to go, makes my husband and I so proud. The positions will be based at its Redmond campus in Washington and the program will be run in partnership with Specialisterne, a Danish nonprofit that helps train people with autism for careers in IT . She added: 'I am also proud of how our society and our workplace is moving forward with the commitment to help support people with autism and disabilities in general.' Last year Microsoft CEO Satya Nadella was forced to apologize for saying that women don't need to ask for a raise and should just trust the system to pay them well. Nadella was blasted on Twitter and in blog posts for his comments, which were made at an event for women in computing. He had been asked to give his advice to women who are uncomfortable requesting a raise. His response: 'It's not really about asking for the raise, but knowing and having faith that the system will actually give you the right raises as you go along.' Microsoft is now focusing on diversity. Last year Microsoft CEO Satya Nadella (pictured) was forced to apologize for saying that women don't need to ask for a raise and should just trust the system to pay them well . Not asking for raise, he added, is 'good karma' that would help a boss realize that the employee could be trusted and should have more responsibility. Still, his comments at the event, the Grace Hopper Celebration of Women in Computing, underscored why many see technology companies as workplaces that are difficult to navigate or even unfriendly for women and minorities. Tech companies, particularly the engineering ranks, are overwhelmingly male, white and Asian. Criticized for their lack of diversity, major companies say they are trying to address the problem with programs such as employee training sessions and by participating in initiatives meant to introduce girls to coding. Twenty-nine percent of Microsoft's employees are women, according to figures the company released last year. Its technical and engineering staff and its management are just 17 percent female. That's roughly comparable to diversity data released by other big tech companies last year. Commenting on Microsoft's decision Sarah Lambert, Head of Policy at the National Autistic Society, told Daily Mail Online: 'It's encouraging to see a global company like Microsoft recognise the untapped potential of adults with autism and we hope that other organisations follow their lead. 'Autism is a spectrum condition and many people may have strengths such as accuracy, a good eye for detail and reliability, which can benefit all sorts of businesses, not just the technology industry.'","Microsoft Corporate VP of Worldwide Operations, Mary Ellen Smith, who has a teenage son Shawn with autism, made the announcement .
Program will be run in partnership with Specialisterne, a Danish nonprofit that helps train people with autism for careers in IT .
Full-time positions based at its Redmond campus, Washington .","The announcement was made on the company's blog by Microsoft Corporate VP of Worldwide Operations, Mary Ellen Smith, who has a teenage son, Shawn, with autism. The announcement was made on the company's blog by Microsoft Corporate VP of Worldwide Operations, Mary Ellen Smith, who has a teenage son, Shawn, with autism . Last year Microsoft CEO Satya Nadella was forced to apologize for saying that women don't need to ask for a raise and should just trust the system to pay them well."," The positions will be based at its Redmond campus in Washington and the program will be run in partnership with a Danish nonprofit that helps train people with autism for careers in IT . Announcement was made on the company's blog by Microsoft Corporate VP of Worldwide Operations, Mary Ellen Smith, who has a teenage son, Shawn, with autism . Smith wrote on the blog: 'It's simple, Microsoft is stronger when we expand opportunity and we have a diverse workforce that represents our customers'",0.3382352941176471,0.31343283582089554
"Zara Phillips has revealed how she got her fitness back after the birth of her first child Mia - by hitting the exercise bike every morning before her daughter even woke up. The 33-year-old, who is vying for a place on Team GB at the Rio Olympics, welcomed Mia Grace with husband Mike Tindall last year. But after finding herself 'surprised' by how her fitness dropped during pregnancy, the Queen's granddaughter has committed to a strict exercise and diet regime to get back in shape. Scroll down for video . Zara Phillips has told of how she was surprised at how difficult it was to regain her fitness after the birth of her daughter, Mia, one (pictured left in January and right, last July when Mia was six months old) 'What surprised me about having a baby is losing all your fitness and how tough it is to get it back to that level again,' she said in an interview with The Sunday Time Magazine. Starting her morning at 7am, Zara has a breakfast of Greek yogurt and honey and tries to get in a stint on the exercise bike at her home, Gatcombe Park, before Mia wakes at 8am. Her day is then typically spent with the horses kept at her mother, Princess Anne's stables, before squeezing in another workout. 'Lunch is quick and simple, like soup and a sandwich or eggs and toast. I don't diet but I try to eat well and not to eat too many carbohydrates or sugary things. Zara (pictured competing in the 2012 London Games) said she is keen to win a place on Team GB in 2016 . The 33-year-old (pictured with Jessica Ennis-Hill with their medals in 2012) is yet to qualify for the forthcoming Olympics . 'In the afternoon I'll do extra exercise like swimming or cycling.' Zara helped take home team silver at the 2012 London Olympics and is keen to compete int he 2016 games. The Queen's granddaughter when she was pregnant in 2013 . 'I hope to be part of the eventing team that goes to the Olympics in Rio, but first I need to qualify.' A keen eventer, she said she is eager for daughter Mia to spend time around horses as she grows up. 'I expect Mia will grow up with horses all around her, just like her mum did,' she added. The one-year-old's father previously revealed the couple had 'three Shetland ponies waiting for her'. Speaking in an interview in January, Mr Tindall, who has recently taken part in the reality skiing show The Jump, said: 'Eventing children have to be very relaxed. 'You are going to travel around a lot.' Earlier this year Zara told of how little Mia enjoyed playing with her royal relatives Prince George and her cousins, Savannah and Isla. Speaking to Daily Mail Australia at Magic Millions Race Day in January she said of the Duke and Duchess of Cambridge: 'We've all got small ones now so it's great fun.' Prince William and his wife are expecting their second child this week, with palace sources confirming Kate's due date to be April 25. Zara and her husband Mike Tindall (above celebrating a win at the Grand National last week) live on Gatcombe Park next to her mother, Princess Anne .","The Queen's granddaughter is vying for a spot on Team GB in 2016 .
She gave birth to her daughter, Mia Grace, in January last year .
To regain her fitness Zara, 33, uses an exercise bike every morning .
She sticks to a healthy diet and also goes swimming and cycling .","Zara Phillips has revealed how she got her fitness back after the birth of her first child Mia - by hitting the exercise bike every morning before her daughter even woke up. The 33-year-old, who is vying for a place on Team GB at the Rio Olympics, welcomed Mia Grace with husband Mike Tindall last year. Zara Phillips has told of how she was surprised at how difficult it was to regain her fitness after the birth of her daughter, Mia, one (pictured left in January and right, last July when Mia was six months old) 'What surprised me about having a baby is losing all your fitness and how tough it is to get it back to that level again,' she said in an interview with The Sunday Time Magazine."," Zara Phillips has revealed how she got her fitness back after the birth of her first child Mia Grace . The Queen's granddaughter has committed to a strict exercise and diet regime to get back in shape . The 33-year-old, who is vying for a place on Team GB at the Rio Olympics, welcomed Mia Grace last year . Zara helped take home team silver at the 2012 London Olympics .",0.1978021978021978,0.26666666666666666
"In recent years, Iceland has become an increasingly popular filming location with its majestic vistas being prominently featured in many hit TV series or Hollywood blockbusters. Despite the fact that Iceland has been used in filming as far back as 1920, well-known fantasy, sci-fi and action film directors and producers have all descended on the island nation as of late, prompting the quick development of 17 production services companies nationwide. Although the country's many stunning waterfalls and breathtaking glaciers translate beautifully to the silver screen, there are certain filming locations that consistently rank a cut above and are drawing fans of productions such as Game of Thrones, Interstellar or Prometheus. Thingvellir National Park provided the location for the North of Westeros in Game of Thrones . Fans will likely recognise the National Park as the setting of the battle of the Hound and Brienne . The black volcanic landscapes of Svartalfheim provided the filmmakers of Thor: The Dark World with the perfect otherworldly setting, as outlined in this Icelandair infographic. Meanwhile, Clint Eastwood opted to film battle scenes for both Letters from Iwo Jima and Flags of Our Fathers in Iceland – specifically along the dramatic cliffs of the Reykjanes Peninsula, just a quick drive from the capital. Scenes from Christopher Nolan’s epic Interstellar were filmed atop the blue ice glacier Svinafellsjokull in the Skaftafell National Park, which is also located near another favoured filming location: Iceland’s largest glacier, Vatnajokull. The Svinafellsjokull glacier provided a stunning setting for Christopher Nolan's epic film, Interstellar . Interstellar tells the tale of explorers who travel in search of a new planet to sustain the human race . Europe's most powerful waterfall, the Dettifoss, was used in the opening scenes of Prometheus . In Prometheus, the rushing waterfall in the background is meant to help depict the beginning of time . 'Interstellar was my second time filming in Iceland and it was another worldly experience,' the director told Film In Iceland. 'Iceland truly represents the beautiful extremes the nature has to offer.' Not to be left out, Ridley Scott scouted Europe’s most powerful waterfall, the Dettifoss, for the opening scenes depicting the beginning of time in Prometheus. And finally, Game of Thrones enthusiasts will undoubtedly recognise the north of Iceland, namely Thingvellir National Park, from Arya’s storyline and as the setting of the battle of the Hound and Brienne, in the North of Westeros. The Jokullsarlon lake, at the foot of the massive massive Vatnajokull glacier, is another favoured filming spot .","Iceland has become an increasingly popular filming location recently .
Christopher Nolan's Interstellar was shot atop the Svinafellsjokull glacier .
Europe’s most powerful waterfall, Dettifoss, was featured in Prometheus .
Game of Thrones producers opted to film at Thingvellir National Park .
Warning: Story contains spoilers for series four of Game of Thrones .","Scenes from Christopher Nolan’s epic Interstellar were filmed atop the blue ice glacier Svinafellsjokull in the Skaftafell National Park, which is also located near another favoured filming location: Iceland’s largest glacier, Vatnajokull. The Svinafellsjokull glacier provided a stunning setting for Christopher Nolan's epic film, Interstellar . And finally, Game of Thrones enthusiasts will undoubtedly recognise the north of Iceland, namely Thingvellir National Park, from Arya’s storyline and as the setting of the battle of the Hound and Brienne, in the North of Westeros."," Iceland has been used in filming as far back as 1920, prompting the development of 17 production services companies nationwide . Christopher Nolan’s epic Interstellar was filmed atop the blue ice glacier Svinafellsjokull in the Skaftafell National Park . The Jokullsarlon lake, at the foot of the massive massive Vatnajokull glacier, is another favoured filming spot .",0.24817518248175183,0.2830188679245283
"The family of conjoined twin sisters who died 19 days after they were born have been left mortified after they arrived at their gravesite to find cemetery staff had cleared the baby section of all mementos and tossed them in the rubbish. Faith and Hope Howie were dubbed the miracle twins when they were born on May 8 last year with one body and two faces due to an extremely rare condition known as disrosopus. They died in hospital less than a month after they were born and their parents, Simon Howie and Renee Young, laid them to rest at Pinegrove Memorial Park in Sydney's west. Scroll down for video . Faith and Hope Howie were dubbed the miracle twins when they were born on May 8 last year with one body and two faces due to an extremely rare condition known as disrosopus . Family members have visited the grave every week to leave mementos and flowers for Faith and Hope, but when Mr Howie and Ms Young arrived on Thursday they found the site completely bare. 'We took Renee's aunts to see the girls for the first time and we found everything had been stripped away,' Mr Howie told Daily Mail Australia. 'We were devastated and mortified. We've had a little shrine set up and we've been adding to it since the funeral. 'It's heartbreaking to know we've set this up and it has been treated like rubbish.' Faith and Hope were buried in a pink coffin and their family and friends released doves and pink and white balloons at their funeral. Their family and friends had built up a small memorial with pink and white statues, flowers, pebbles and toys over the past 11 months. When they arrived on Thursday, everything had been removed apart from a bunch of flowers. The twins were buried at Pinegrove Memorial Park in western Sydney after they died after just 19 days. Their family and friends had built a small shrine at their gravesite, which they have added to since the funeral . Family members have visited the grave every week to leave mementos and flowers for Faith and Hope, but when parents Simon Howie and Renee Young arrived on Thursday they found the site completely bare . Faith and Hope's parents confronted staff from the cemetery and were told they were supposed to have been notified they are would be cleaned. They found their daughters' belongings in nearby rubbish bins, but were only able to retrieve about 25 percent of their memorabilia. 'There was no warning, it was just manhandled and thrown in the rubbish. It was through the entire baby section.' The couple retrieved what they could find and returned later in the afternoon to see what else they could salvage - by then everything had been laid out on shelves for people to collect. 'We've gone down there and maintained it. We make sure either side of the girls is clipped with scissors to (workers) don't need to go near it,' Mr Howie said. He said there was no reason for the items to be taken away. Faith and Hope's parents, Simon Howie and Renee Young, confronted staff from the cemetery and were told they were supposed to have been notified they are would be cleaned . They found their daughters' belongings in nearby rubbish bins, but were only able to retrieve about 25 percent of their memorabilia (pictured) The couple retrieved what they could find and returned later in the afternoon to see what else they could salvage - by then everything had been laid out on shelves for people to collect . 'We pay the money to have the plot, they should be able to just take little mementos. It's just not fair on the families,' Mr Howie said. 'We got to those places to grieve - we're only one month out from the girls turning one... and it's been stripped naked. We have to start again. 'It obviously meant nothing to (the workers). I understand they have a job to do, but this is somebody else's loved one.' Pinegrove has offered an apology to the families affected. Faith and Hope were born with a rare condition called diprosopus, which means they share the same body and organs but have separate brains and two faces . The girls were transferred to Westmead Children's Hospital shortly after their birth on May 8 where they were closely monitored by doctors and nurses . They passed away just 19 days after they were born - their condition was so rare that only 35 cases have ever been recorded and none survived . 'The collection and storage of ornaments, especially photos, should have been handled much more respectfully and our goal is to improve it for the future,' Pinegrove's communication manager Karl Wolfenden said. 'We do understand the emotions of affected families. We have apologised to those we have spoken to and we have invited them to meet so we can find a solution that is agreeable to all. We are inviting other affected families to make contact also. 'Pinegrove is a fresh flower only and no ornamentation park but despite our rules and regulations we should have shown more respect to these items. 'We will discuss and seek an agreeable solution with families in the weeks ahead.' Faith and Hope's parents have set up an online petition to have the rules and regulations at cemetery's changed to ensure memorial items are not removed without being notified. You can find the petition here. Their family and friends had built up a small memorial with pink and white statues, flowers, pebbles and toys in the 11 months since Faith and Hope died . Faith and Hope were buried in a pink coffin and their family and friends released doves and pink and white balloons at their funeral .","Faith and Hope Howie were born with one body and two faces on May 8 .
They tragically died in hospital just 19 days after they were born .
Parents Simon Howie and Renee Young visit their grave at Pinegrove in western Sydney fortnightly .
They arrived on Thursday to find the grave bare of all the girls' mementos .
Staff had cleared entire baby section and thrown belongings in rubbish .","Family members have visited the grave every week to leave mementos and flowers for Faith and Hope, but when parents Simon Howie and Renee Young arrived on Thursday they found the site completely bare . It's just not fair on the families,' Mr Howie said. Their family and friends had built up a small memorial with pink and white statues, flowers, pebbles and toys in the 11 months since Faith and Hope died .", Faith and Hope Howie were born on May 8 last year with one body and two faces due to an extremely rare condition known as disrosopus . They died in hospital less than a month after they were born and were buried at Pinegrove Memorial Park in Sydney's west . Family and friends had built a small shrine at their gravesite every week to leave mementos and flowers . When they arrived on Thursday they found the site completely bare . Parents Simon Howie and Renee Young confronted staff from the cemetery and were told they were supposed to have been notified they are would be cleaned .,0.2571428571428571,0.38596491228070173
"Southampton target Tonny Vilhena wants to quit Feyenoord this summer. Ronald Koeman made enquiries for the 20-year-old in January and is keen to bring him to St Mary's. Holland U21 international Vilhena has one year left on contract but is ready to make the move to the Premier League now. Feyenoord winger Tonny Vilhena (left) is keen to quit the club this summer with Southampton on red alert . The Saints are also monitoring his team-mate, the £10m-rated midfielder Jordy Clasie (right) Southampton boss Ronald Koeman is keen to bolster his squad ahead of possible European qualification . Koeman is also bring his teammate Jordy Clasie to the south coast. The £10million-rated midfielder has won 11 senior caps for Holland. Koeman is also looking to make Eljero Elia's loan move from Werder Bremen permanent, as he looks to strengthen his squad ahead of possible qualification for European competition next season. Southampton are currently seventh in the Premier League table with 56 points from 33 games and in with shout of sealing a Europa League berth. The club are exceeding expectations, given the mass exodus of key players they endured last summer and Koeman has been praised for steadying the ship. Koeman is keen to make Dutch winger Eljero Elia's loan move from Werder Bremen permanent this summer .","Southampton target Tonny Vilhena wants out of Feyenoord this summer .
Ronald Koeman had tried to sign the 20-year-old in January, but was rebuffed .
Vilhena has one year left on his contract, but wants to move away .
Koeman is also keen on signing his team-mate Jordy Claise .","Feyenoord winger Tonny Vilhena (left) is keen to quit the club this summer with Southampton on red alert . The Saints are also monitoring his team-mate, the £10m-rated midfielder Jordy Clasie (right) Southampton boss Ronald Koeman is keen to bolster his squad ahead of possible European qualification . Koeman is keen to make Dutch winger Eljero Elia's loan move from Werder Bremen permanent this summer ."," Ronald Koeman made enquiries for Tonny Vilhena in January and is keen to bring him to St Mary's . The Saints are also monitoring his team-mate, the £10m-rated midfielder Jordy Clasie . Koeman is also looking to make Eljero Elia's loan move from Werder Bremen permanent .",0.19130434782608696,0.2061855670103093
"A bitter war of words has erupted between a young woman and a butcher in Sydney's eastern suburbs over exactly what happened when Belinda Bartholomew, the girlfriend of Roosters star Aidan Guerra, tried to buy a chicken to cook up for a Game Of Thrones-inspired feast. According to Ms Bartholomew, she was called names and told to go to 'an Aussie butcher' when she tried to change her chicken selection. However the butcher who was working at the shop on Monday has hit back saying Ms Bartholomew is 'lying' and trying to ruin the business. Scroll down for video . Belinda Bartholomew claims she was racially abused at a Bondi butcher on Monday night when she was buying a chicken for her and her Roosters star boyfriend Aidan Guerra to have for dinner . The war of words started, Ms Bartholomew claims, when the man working at Sam the Butcher in Bondi called her a 'f***ing c***' when she asked for a different chicken to the one he had picked up. There were apparently more problems when she went to use her card to pay for the choice bird. 'His eftpos machine wasn't connecting so it was taking a while to process, and I felt really uncomfortable as he was clearly agitated, huffing and throwing things around,' she said. Ms Bartholomew claims the man working at Sam The Butcher in Bondi swore at her and told her to leave, but the man working at the time said his customer was the one being rude . The chicken (pictured in front of Aidan Guerra) was cooked by Ms Bartholomew as part of a Game Of Thrones-inspired feast . 'Another woman entered the shop at this point and she ordered sausages and paid in cash, and when she asked for a receipt he clearly ignored her on purpose so she actually lent over the counter and printed her own.' However, the butcher vehemently denies he called Ms Bartholomew names and said she was the one being rude on a day when he had been having issues with his eftpos machine. 'She's just a troublemaker,' the butcher told Daily Mail Australia. 'I was very slow and she started having a go at me.' Ms Bartholomew (pictured with Mr Guerra) said the butcher told her to 'go to a f***ing Aussie butcher' But the man working vehemently denied any claims he swore at or abused the young woman (pictured) He told Daily Mail Australia that he's trying to fit into Australian life but sometimes finds it hard to cope with attitudes in Bondi. Ms Bartholomew claims the butcher then asked her 'Why don't you just go to a f***ing Aussie butcher'. 'She said I'm half Italian don't speak to me like that,' the butcher said. 'I said if you're going to be rude to me just take the chicken and go.' 'It's a free country there's about eight butcher shops in Bondi,' he added. Ms Bartholomew (left) and the butcher both said she didn't end up paying for the chicken she and Mr Guerra (right) later ate . Ms Bartholomew said she had decided to leave the shop without making a purchase but the butcher then thrust the chicken at her. 'I said not to worry about it and proceeded to leave while my purchase was still pending so he swiped the 1.5kg chicken at me and told me to ""take it and f*** off"",' she claims. 'I think I was just the victim of racial abuse,' the young Bondi woman wrote in a heated Facebook post shortly afterwards. However the butcher said he simply wanted her out of the shop and did not swear at or abuse her at any stage. 'She didn't even end up paying for the chicken, she got a free chicken,' he said. Ms Bartholomew told Daily Mail Australia 'I have never been to this particular butcher before.' 'I'm going to assume it wasn't me who he was really angry at, however I just happened to be in there at the time.'","Belinda Bartholomew claims she was racially abused at a Bondi butcher .
The girlfriend of Sydney Roosters star Aidan Guerra went to buy a chicken for a Game of Thrones inspired dinner .
She says she was sworn at and told to 'go to a f***ing Aussie butcher' when she tried to change her chicken selection .
The butcher vehemently denies he was rude to or swore at her and says the woman is a 'troublemaker' out to ruin the business .","The war of words started, Ms Bartholomew claims, when the man working at Sam the Butcher in Bondi called her a 'f***ing c***' when she asked for a different chicken to the one he had picked up. Ms Bartholomew (pictured with Mr Guerra) said the butcher told her to 'go to a f***ing Aussie butcher' But the man working vehemently denied any claims he swore at or abused the young woman (pictured) He told Daily Mail Australia that he's trying to fit into Australian life but sometimes finds it hard to cope with attitudes in Bondi. Ms Bartholomew claims the butcher then asked her 'Why don't you just go to a f***ing Aussie butcher'.", Belinda Bartholomew claims she was racially abused at a Bondi butcher on Monday night . She was buying a chicken for her and her Roosters star boyfriend Aidan Guerra to have for dinner . She claims the butcher called her a 'f***ing c***' and told her to 'go to a f***ing Aussie butcher' when she tried to change her chicken selection . The butcher vehemently denies he swore at or abused the young woman . He said she was the one being rude on a day when he had been having issues with his eftpos machine .,0.2626262626262626,0.5433526011560693
"All the smiles cannot hide the reality that McCluskey and his union are a potent, sinister force in British politics . Out on the election campaign trail under blue skies in South Wales, the trade union firebrand's manner was as warm as the weather. 'Didn't you once call me a slab-faced Marxist?' the famously militant leader of Unite asked me with a grin that was more genial than menacing. I had to confess I had. But that did not stop 'Red' Len McCluskey giving me the time of day on a street in Neath as he conducted a two-day tour of the Principality to drum up support for Labour's cause. Watching him in action, it was clear that he is highly popular with activists. His gospel of traditional hard-left socialism goes down well with the converted, as does his hackneyed anti-Conservative bile. 'We look to Wales as a beacon of hope to show what a Labour government can do. The Tories might have the money but we've got the working people on our side,' he said to cheers and applause. Yet all the smiles cannot hide the reality that McCluskey and his union are a potent, sinister force in British politics, seeking to use their financial and organisational muscle within the Labour movement to drag Britain back to the dark days of the 1970s. As the Mail reveals today, the sheer scale of the influence Unite holds on scores of Labour candidates is chilling given the socialist revolution the union would seek to impose. Indeed, McCluskey, a former Liverpool dock worker who keeps a drawing of Lenin in his office and once boasted of presiding over more strikes than any other union boss, is quite open about his yearning for that period when the unions held the government to ransom: 'We are supposed to believe that the Seventies was a horrible time. It wasn't. It was a time of great advances for working people,' he has said. Labour's umbilical link to McCluskey's union has received much less attention in recent days than a potential deal with the left-wing, anti-austerity SNP, yet it is just as potentially disastrous for the governance of this country. Not only is Unite – which has a claimed membership of 1.42million – intertwined with the Labour Party's structure, MPs and finances, but it also remains addicted to the failed socialist policies of the past, including a major expansion in the public sector, less flexibility in the workplace, higher taxation and ever more state spending. Just like Nicola Sturgeon, McCluskey wants to make Labour bolder, 'more radical, courageous and brave'. Only last month, he appeared to threaten illegal action if a Tory Government pushed through further restrictions on strikes in the public sector. 'When the law is misguided, when it oppresses people and removes their freedoms, can we respect it? I am not really posing the question, I'm giving the answer. It ain't going to happen,' he declared. Despite all his talk about the oppression of working people, however, he has not done badly for himself. Last year it was revealed he received a £5,000 rise, taking his pay and pensions package to £140,281. McCluskey has denied that he has too much influence over Ed Miliband, adding that Unite is supporting the party '100 per cent' McCluskey's determination to influence Labour was all too evident in Wales. With an air of quasi-regal grandeur, he visited several factories, gave talks to Labour activists and held a number of photo opportunities – including one in Cardiff at the statute of that old champagne socialist Nye Bevan. When I spoke to McCluskey, he downplayed his hardline socialism, instead talking about the need for investment in industry and the economy. And he denied that he had too much influence over Ed Miliband's party: 'If only that were true,' he said, while proclaiming his loyalty to the cause. 'Unite is supporting Labour 100 per cent,' he said, adding that is now campaigning 'all over the country'. Yet there was something synthetic about McCluskey's protestations of support for Labour. As I watched him at close quarters, it became more apparent that he was going through the motions. When asked in an interview with BBC Radio Wales about Miliband's leadership, McCluskey could say only: 'He's doing OK'. Beneath the surface, I have no doubt he longs to hear Ed offering more nakedly socialist policies, rather than trying to appeal to Middle England. Moreover, if Labour and Unite really think that McCluskey is an asset in the election, they are doing their best to keep quiet about it. When I tried to find out McCluskey's schedule for his Welsh visit from any number of Unite and Labour sources, including McCluskey's own press officer, I was greeted with either hostility or silence. No one would give me any information. It was only through persistence and good luck that I managed to track him down, to the outrage of his press officer who asked me paranoiacally: 'How did you find us? Did you fit a tracking device to Len's car?' That kind of anxiety and suspicion shows more than just a lack of confidence. It reveals a fear that, just as with Sturgeon's spendthrift radicalism, the hard-Left dogma of Unite is likely to alienate floating middle-of-the-road voters. Such fears are, of course, only too justified. For this is no small-town demagogue. On the contrary, McCluskey is pivotal to Labour's future because of the stranglehold his union has over the party. It was Unite and the other affiliated unions that ensured Ed Miliband was elected leader in 2010 against his more moderate brother David, who enjoyed greater popularity among Labour MPs and the rank and file. Since 2010, Unite is estimated to have donated at least £14.4million to Labour's coffers. It was Unite and the other affiliated unions that ensured Ed Miliband (pictured left) was elected leader in 2010 against his more moderate brother David (right) The dominance of Unite runs right through Labour's organisation, with huge implications for the make-up of a putative Miliband government. One recent analysis showed that 159 Labour MPs from the last parliament receive sponsorship from Unite or are members of the union, including senior frontbenchers such as Harriet Harman, Angela Eagle, Hilary Benn and Sadiq Khan. In addition, 133 Labour candidates at this election are reported to have links to Unite. As Martin Mayer, chairman of Unite's political committee and a member of Labour's National Executive recently admitted, the union is involved in a 'serious attempt to win back the party'. Tragically for Britain, there is now a real danger that an incoming Labour government would be forced to lurch even further to the Left, not just by SNP by also by Unite, with Miliband too weak to stand up to those who are determined he will be their puppet in Downing Street.","The scale of influence Unite holds is chilling given what it seeks to impose .
It remains addicted to the failed socialist policies of Britain's past .
Mr McClusky denies holding too much power over Labour's Ed Miliband .","McCluskey has denied that he has too much influence over Ed Miliband, adding that Unite is supporting the party '100 per cent' McCluskey's determination to influence Labour was all too evident in Wales. Moreover, if Labour and Unite really think that McCluskey is an asset in the election, they are doing their best to keep quiet about it. It was Unite and the other affiliated unions that ensured Ed Miliband (pictured left) was elected leader in 2010 against his more moderate brother David (right) The dominance of Unite runs right through Labour's organisation, with huge implications for the make-up of a putative Miliband government."," 'Red' Len McCluskey conducted a two-day tour of Wales to drum up support for Labour . His gospel of traditional hard-left socialism goes down well with the converted, as does his hackneyed anti-Conservative bile . But all the smiles cannot hide the reality that McCluskeys are a potent, sinister force in British politics .",0.15172413793103448,0.06521739130434782
"The battle of the batteries is hotting up. Reports claim Google is the latest firm to set up a team dedicated to boosting how long our phones, tablets and even electric cars can run for. And sources said the four-man team spends its days devising and testing different technologies from the flexible to the wearable. Reports claim Google is the latest firm to set up a team dedicated to boosting how long our phones, tablets and even electric cars (pictured) can run for. Sources told the Wall Street Journal that the four-man team spends its days devising and testing different technologies from the flexible to the wearable . The reports were made by Alistair Barr in the Wall Street Journal. Google has been working on similar projects since 2012 when former Apple battery expert Dr Ramesh Bhardwaj began leading a testing team. Mr Barr explained that Dr. Bhardwaj recently described how 'solid-state, thin-film batteries could be used in smartphones and other mobile devices that are thinner, bendable, wearable and even implantable in the human body.' He also referenced a video for Project Loon that revealed how Google has been working with experts at AllCell Technologies to develop batteries that function at subfreezing temperatures. This is vital for Google's Project Loon balloons designed to float near the stratosphere and provide internet to wider areas. Google has been working on similar projects since 2012 when former Apple battery expert Dr Ramesh Bhardwaj began leading a testing team. In a video for Project Loon (pictured), Google revealed it has been working with experts at AllCell Technologies to develop batteries that function at subfreezing temperatures . Fan site AppleInsider recently spotted nine job listings on Apple's official recruitment site in the past month that relate to batteries. These include one for an iOS battery life software engineer (pictured left) and another for iOS software power systems engineer (pictured right) The AllCell technology uses wax and a graphite material, for example, to help lithium-ion batteries absorb heat and spread it across the power pack. Last week, a team of Stanford University chemists unveiled an aluminium battery that can recharge in less than 60 seconds. Apple defines the Apple Watch battery on its Watch product page. It says its all-day battery life is based on 18 hours of use. All-day battery life: This includes 90 time checks, 90 notifications, 45 minutes of app use, and a 30-minute workout with music. Audio playback: The battery will last up to 6.5 hours when playing music. Talk time: Apple said the Watch can be used for up to three hours for calls. Workout: During this test the Watch lasted for seven hours when a workout session was active and the heart rate sensor was on. Watch: When used as a watch the device will last for 48 hours if checked five times an hour. Power reserve: When the Apple Watch's battery  gets low it switches into Power Reserve mode letting users tell the time for up to 72 hours - with four time checks an hour. Charging time: The company said it takes 1.5 hours to charge the Watch to 80% and 2.5 hours for a full charge. Apple's tests were carried out in March 2015 with a pre-production Apple Watch and software paired with an iPhone using pre-production software. Apple said battery life varies with environmental factors, use, configuration, and 'many other factors' so actual results will vary . It is said to be the first high-performance aluminium battery which is 'fast-charging, long-lasting and inexpensive' and is more environmentally friendly than alkaline batteries. It also can't catch fire like lithium-ion technology. At present the rechargeable aluminium battery generates about two volts of electricity, the highest achieved yet with aluminium,'  but the researchers said the battery has only half the voltage of existing technology. And Google isn't the only tech giant working on such plans. Last month, Apple began recruiting for experts to help boost the battery across its range of mobiles and laptops. At least nine job listings were discovered by fan site AppleInsider and include listings for an iOS battery life software engineer, a software power systems engineer, battery pack engineering manager and a cell engineer. In particular, the iOS software power systems engineer role said the successful candidate 'will be working on design and development of software for triage of battery life issues, modeling of power consumed by different parts of the system, and analytics to understand large scale battery life trends.' Atmel also recently announced its latest microcontrollers (MCUs) that can be fitted to a variety of gadgets and are so low power they can harvest energy from a person's body. The  SAM L microcontrollers are part of Atmel's 32-bit ARM-based MCU range and are powered by chip maker ARM's Cortex M0+ 32-bit processors. A number of Apple devices, including the iPhone 5S and iPad Air are powered by chips based around ARM technology. A team of Stanford University chemists recently unveiled an aluminium battery that can fully recharge in less than 60 seconds. It is said to be the first high-performance aluminium battery which is 'fast-charging, long-lasting and inexpensive' and is more environmentally friendly than alkaline batteries . Last month, Atmel released its latest microcontrollers (MCUs) for a variety of gadgets that are so low power they can even harvest energy from a person's body. Atmel said its MCUs extend 'battery life from years to decades, reducing the number of times batteries need to be changed in devices' Atmel said its MCUs extend 'battery life from years to decades, reducing the number of times batteries need to be changed in devices such as fire alarms, healthcare, medical, wearable, and devices placed in rural, agriculture, offshore and other remote areas.' They use a third of the power of rival chips and tests have shown they are the lowest power microprocessor ever made. The microcontrollers run on the firm's picoPower technology and Atmel's Event System that makes different parts of the device work together to carry out tasks. By effectively 'sharing' energy, the whole device uses less power and, subsequently, less battery. It can also manage how much energy is being used by other components to make them as efficient as possible. Plus, the technology is so low power it can harvest energy from the body using changes in temperature. During a demonstration of the microcontrollers at this year's CES, Andreas Eieland, Atmel's director of product marketing demonstrated how he could power a radio by placing his hand on a panel. This panel recognised a change in temperature between the hand and the room and this was harvested to create charge .","Reports claim Google is latest firm to test alternative battery options .
Sources said the four-man team  devise and test different technologies .
It follows Apple's recruitment drive  for battery and software experts .",Google has been working on similar projects since 2012 when former Apple battery expert Dr Ramesh Bhardwaj began leading a testing team. Google has been working on similar projects since 2012 when former Apple battery expert Dr Ramesh Bhardwaj began leading a testing team. Talk time: Apple said the Watch can be used for up to three hours for calls.," Google has been working on similar projects since 2012 when former Apple battery expert Dr Ramesh Bhardwaj began leading a testing team . Sources told the Wall Street Journal that the four-man team spends its days devising and testing different technologies from the flexible to wearable . Last month, Apple began recruiting for experts to boost the battery across its range of mobiles and laptops .",0.12903225806451613,0.3505154639175258
"Andrea McVeigh, 44, has been left scarred for life after being knocked down by cyclist . A woman has been left scarred for life after being knocked down by a cyclist who was riding on the pavement. Pedestrian Andrea McVeigh was sent crashing face-first into the concrete after being hit from behind by the rider. The cyclist fled the scene, chased by the 44-year-old's husband after she was left sprawled in a pool of her own blood. The social media manager suffered two three-inch gashes to the middle of her forehead, as well as other facial and hand injuries. Met Police have issued CCTV footage of a cyclist they want to speak to in connection with the crash, which happened in Bermondsey, south London on April 14. 'I got hit by a speeding cyclist on the pavement,' said Mrs McVeigh. 'He needs to be caught. 'I'm now scarred for life. It was as bad as being hit by a car.' She told how the cyclist initially stop after the impact and appeared to be locking his bike up, but then sped off. Mrs McVeigh said the rider turned around and smiled at her husband, who was chasing him, as he disappeared. 'The cyclist knew an ambulance and police were coming yet sped off,' she said. 'He knew the damage, saw the blood. 'Currently I'm now off work sick, with two black eyes, a swollen nose, stitches and feeling very scared to go out onto the street.' The police have now issued an appeal about the shockingly callous incident, which happened at about 6pm. Sergeant David Hunt said: 'The victim sustained significant facial injuries and If not for her husband and a member of the public stopping to help she would have been left on that footpath. 'I would encourage anyone who recognises him to contact us immediately.' Police have launched a hunt for the mystery cyclist who allegedly mowed down the 44-year-old . Chief Superintendent Zander Gibson, Borough Commander for Southwark, said: 'It must have been an awful encounter for the victim, both physically and emotionally and she has my heartfelt sympathy for what she went through. 'We sent an officer to the scene and they completed an investigation. 'There was a delay in following this investigation up but I am confident we are now taking appropriate steps to identify the person responsible.' The impact happened outside the Sainsbury's Local in Tower Bridge Road, Bermondsey, pictured .","Andrea McVeigh, 44, was knocked over from behind by speeding cyclist .
Left in a pool of her blood after crashing face-first into the pavement .
She will be scarred for life after suffering two long gashes to forehead .
Police launch hunt for the mystery rider who did not stop at scene .","Andrea McVeigh, 44, has been left scarred for life after being knocked down by cyclist . A woman has been left scarred for life after being knocked down by a cyclist who was riding on the pavement. 'I got hit by a speeding cyclist on the pavement,' said Mrs McVeigh."," Andrea McVeigh, 44, was knocked down by a cyclist in Bermondsey, south London . The social media manager suffered two three-inch gashes to the middle of her forehead . Met Police have issued CCTV footage of a cyclist they want to speak to in connection with the crash .",0.24,0.32653061224489793
"Suge Knight laughed in court on Thursday as he revealed he hopes Floyd Mayweather will bail him out after winning his next fight. The rap mogul was refused an appeal to have his bail reduced from $10 million to $5 million as he awaits trial for murder and attempted murder. Despite walking confidently into court, he had to be carted out in a wheelchair as Judge Ronald Coen rejected his pleas. But all is not lost for the co-creator of Death Row Records, who believes his close friend, the champion boxer Floyd Mayweather, will come to his aid this weekend. Scroll down for video . Laughing before murder trial: Suge Knight and his lawyer Matthew Fletcher were jovial in court on Thursday . Lifeline? Knight's attorney said he believes Mayweather will bail the rap mogul out when he wins on Saturday . Mayweather, an undefeated professional worth $420 million, is set to land a record pay check after going head-to-head with Manny Pacquiao on Saturday. Knight's attorney Matthew Fletcher is confident part of that will come their way. 'My understanding is that Suge is going to be bailed out this coming week,' Fletcher told the New York Daily News outside court. 'We think Mr. Mayweather is going to win the championship and then come champion the day again,' he said. 'They're good friends, and there's no reason he shouldn't. And we believe that will happen.' Los Angeles Superior Court's Ronald Coen said Knight's trial will begin July 7 unless a motion is made to continue it for a later date. Appearing distressed, Knight then had to be wheeled out of court in a wheelchair after the hearing . The 48-year-old has been plagued by medical ailments since being charged with murder and attempted murder in January . Appearing distressed, Knight then had to be wheeled out of court in a wheelchair. The 48-year-old has been plagued by medical ailments since being charged with murder and attempted murder in January - collapsing in court multiple times and routinely complaining of stomach problems. Coen set aside 16 court days to hear the case and said potential jurors will be prescreened about their ability to serve before they get to the courtroom. Knight pleaded not guilty to murder, attempted murder and hit-and-run charges filed after he killed one man and seriously injured another with his pickup outside a Compton burger stand in January.","Death Row Records mogul appealed to reduce $10m bail, was denied .
But he is sure Floyd Mayweather will win on Saturday and bail him out .
The boxer is already worth $420 million, set to get record pay this weekend .
Knight had to be wheeled out of court after being denied bail cut .","Laughing before murder trial: Suge Knight and his lawyer Matthew Fletcher were jovial in court on Thursday . Appearing distressed, Knight then had to be wheeled out of court in a wheelchair after the hearing . Appearing distressed, Knight then had to be wheeled out of court in a wheelchair."," The rap mogul was refused an appeal to have his bail reduced from $10 million to $5 million as he awaits trial for murder and attempted murder . But his attorney believes Floyd Mayweather will bail him out when he wins his next fight on Saturday . Mayweather, an undefeated professional worth $420 million, is set to land a record pay check after going head-to-head with Manny Pacquiao .",0.21999999999999997,0.3166666666666667
"A gun trafficker for convicted killer Aaron Hernandez said he was 'awed' by the former New England Patriots star when he sent him an assault rifle and a pair of handguns a month before Odin Lloyd’s killing. Oscar 'Papoo' Hernandez Jr - no relation to the disgraced NFL player - has pleaded guilty to weapons charges in connection to his infamous namesake’s murder case. Earlier this month, Aaron Hernandez, 25, was sentenced to life in prison without the possibility of parole for first-degree murder of the semi-professional football player in 2013. Scroll down for video . Bad bro-mance: Oscar Hernandez Jr (left), 24, said he was 'awed' by New England Patriots star Aaron Hernandez (right) and 'grateful to be noticed' when the football player paid him $15,000 for three guns . Unfortunate timing: Oscar Hernandez  shipped his namesake a rifle and two handguns in April 2013 - a month before the NFL player shot dead Odin Lloyd (pictured on screen in court) Hernandez had been a rising star in the NFL with a $41million contract when he was arrested in June of that year. In a sentencing memo in Oscar Hernandez’s weapons case released this week to Boston Herald the 24-year-old Florida man stated that he was blinded by the football player's fame ,'grateful to be noticed [by him], and had no way of anticipating the terrible events which would follow.' Although Oscar Hernandez was never called to testify against Aaron Hernandez during his trial earlier this month, his lawyer wrote in the memorandum to Judge William Young that his client was beaten by fellow inmates at the Wyatt Detention Center 'after having been incorrectly listed as a government witness.' Following the attack, Oscar Hernandez spent some time in solitary confinement at the Rhode Island jail. Mr Hernandez, a father from Belle Glen, Florida, is now facing up to 30 months in prison after pleading guilty in January to charges of transporting firearms across state lines; obstruction of justice; lying to a federal grand jury and witness tampering. Justice for Odin: The 25-year-old athlete (left) was found guilty April 15 of first-degree murder in the 2013 shooting death of the semi-professional football player (right) The confessed gun smuggler was scheduled to be sentenced Monday, but Judge Young has delayed the punishment phase until May 5. Public defender Charles McGinty, who represents Hernandez, is seeking a sentence of one year and one day for his client. Investigators said the Florida resident shipped three guns including FEG 7.62x39 Hungarian rifle, to Aaron Hernandez in the spring of 2013. The weapons had been stashed inside a beat-up Toyota Camry that was found in the football player's garage in North Attleboro, Massachusetts. A friend of Oscar Hernandez testified during the NFL star’s trial that the gun trafficker purchased the weapons April 16, 2013, five days after Aaron transferred $15,000 into his account. Oscar Hernandez was arrested April 17, 2014, and indicted by a grand jury in Massachusetts on gun trafficking charges. Back behind bars: Following the sentencing phase, Hernandez was handcuffed and returned to jail. He has since been transferred to a maximum-security facility . The indictment stated that the Bureau of Alcohol, Tobacco, Firearms and Explosives had traced three guns that had been recovered during the investigation of Odin Lloyd's killing. The ATF determined that all three guns were purchased in Florida in April 2013. Massachusetts officials said they have been unable to find the gun used to kill Lloyd, which they've identified as a .45-caliber Glock. None of the three guns mentioned in Oscar Hernandez's indictment is a .45-caliber Glock. Meanwhile, his notorious namesake was transferred last week to the maximum security state Souza-Baranowski Correctional Center in Shirley to begin serving his life sentence. Aaron Hernandez is also awaiting a trial date for the 2012 homicides of Daniel de Abreu and Safiro Furtado.","Oscar Hernandez Jr has pleaded guilty to transporting firearms, obstruction of justice, lying to a federal grand jury and witness tampering .
Confessed to shipping Aaron Hernandez three weapons a month before Odin Lloyd's killing June 2013 .
Hernandez Jr said he was blinded by New England Patriot's fame and 'grateful to be noticed'
Aaron Hernandez has been convicted of first-degree murder and sentenced to life in prison without parole .","Bad bro-mance: Oscar Hernandez Jr (left), 24, said he was 'awed' by New England Patriots star Aaron Hernandez (right) and 'grateful to be noticed' when the football player paid him $15,000 for three guns . Unfortunate timing: Oscar Hernandez  shipped his namesake a rifle and two handguns in April 2013 - a month before the NFL player shot dead Odin Lloyd (pictured on screen in court) Hernandez had been a rising star in the NFL with a $41million contract when he was arrested in June of that year. A friend of Oscar Hernandez testified during the NFL star’s trial that the gun trafficker purchased the weapons April 16, 2013, five days after Aaron transferred $15,000 into his account."," Oscar Hernandez Jr, 24, said he was 'awful' by Aaron Hernandez and 'grateful to be noticed' when he paid him $15,000 for three guns in April 2013 . Aaron Hernandez, 25, was found guilty of first-degree murder of Odin Lloyd in the 2013 shooting death of the semi-professional football player . Oscar Hernandez was never called to testify against Aaron Hernandez during his trial, but was beaten by fellow inmates at the Wyatt Detention Center 'after having been incorrectly listed as a government witness' Aaron Hernandez was transferred to a maximum-security facility last week .",0.18848167539267013,0.22754491017964074
"Visitors to a metro-Detroit museum have a chance to get an up-close look at the chair Abraham Lincoln was shot in at Washington D.C.'s Ford's Theatre in 1865 next week as the museum puts it center stage. The red, worn chair will be removed from its enclosure at Dearborn's Henry Ford Museum and displayed in an open plaza on April 15 as part of the museum's observance of the assassination's 150 anniversary. Two days earlier, it will be onstage when renowned historian and Lincoln expert Doris Kearns Goodwin delivers a sold-out lecture at The Henry Ford. The chair in which Abraham Lincoln was shot has been on display at The Henry Ford Museum in Dearborn, Michigan, for 85 years. On April 15, it will be removed from its encasing to be displayed for the 150th anniversary of the assassination . Abraham Lincoln (left) was shot in Ford's Theatre in Washington D.C. on April 14, 1865 by pro-Confederacy actor, John Wilkes Booth (right). Lincoln died from his injuries the next day . The chair has a dark stain on the back, which many visitors believe to be blood from the shooting. But historians at the museum say that the stain is oil from other people's heads who sat in the chair before Lincoln . Lincoln's chair has been part of the museum started by pioneering automaker Henry Ford - no relation to the theater-owning Ford family - since its founding 85 years ago. The government removed it from the theater and held it as evidence, and it ended up at the Smithsonian Institution. The wife of a theater co-owner petitioned to reclaim it, then sold it at auction to an agent working for Henry Ford. Henry Ford also bought the Logan County Courthouse where Lincoln practiced law in Illinois in the 1840s and moved it to the outdoor area next to his museum known as Greenfield Village. For decades, the theater chair was housed in that courthouse. Around 1980, the chair was placed inside the museum, where it's now part of the 'With Liberty and Justice for All' exhibit. 'Lincoln was one of Henry Ford's heroes - when he decided he wanted to have this village, he wanted to collect Lincoln stuff as an educational tool,' said curator Donna Braden. 'The courthouse is pretty much the first thing Henry Ford acquired related to Lincoln and the chair came soon after.' A playbill from Our American Cousin from the night President Abraham Lincoln was assassinated on April 14, 1865 is shown on display at the Henry Ford Museum in Dearborn . A copy of a hand colored 1870 lithographic print by Gibson & Co. provided by the U.S. Library of Congress shows John Wilkes Booth shooting U.S. President Abraham Lincoln as he sits in the presidential box at Ford's Theatre . A copy of a 1865 lithographic print by Currier & Ives provided by the U.S. Library of Congress shows the same event from a different angle . Many visitors wonder whether dark spots on the back of the chair are Lincoln's blood. Not so, say museum workers: The stains are oil from other people's heads who sat in the chair before that fateful night when Lincoln was shot by a pro-Confederacy actor, John Wilkes Booth. Steve Harris, a historic presenter at the museum, tells passers-by that Lincoln's head would have been positioned much higher than the stain because he was 6ft, 4in tall. Taking in objects from the final hours of two important American lives is a major draw to the museum. The Henry Ford also owns the limousine President John F. Kennedy was riding in when he was fatally shot in Dallas nearly a century later. Museum officials say the chair and car are among the most visited artifacts in the museum, along with the bus Rosa Parks rode in when she refused to give up her seat to a white rider and helped spark the civil rights movement. Ford's Theatre in Washington D.C. has arranged the presidential box identically to the way it was the night Lincoln was shot through the doorway . Abraham Lincoln's iconic silk top hat, which he was wearing the night he was assassinated, is part of the museum display at Ford's Theatre in Washington, D.C. Goodwin, author of 'Team of Rivals: The Political Genius of Abraham Lincoln,' told The Associated Press that the chair will offer an extra 'dimension' to her words and the experience of those in the room. 'There's an intimacy to it that catapults you back in time,' she said. 'And hopefully, along with that, you're not just thinking of the death but the life that made it worthwhile.' Museum visitor Jeff Buczkiewicz stood before the chair, peered silently into the glass-enclosed case at the rocking chair, then snapped pictures for posterity . 'You just get drawn into these things,' said Buczkiewicz, 47, who came from suburban Chicago with his family to the Henry Ford Museum in Dearborn, Michigan. 'It is a tragic part of our history and our country. I think it's important to take it all in.' Milestone anniversaries seem to add to the impact of objects like the chair and limo. About 8,000 people visited the limo on November 22, 2013, a free-admission day marking the 50th anniversary of JFK's assassination, so the chair is likely to draw plenty of visitors on the Lincoln anniversary, which also has free admission. The single-shot Deringer pistol John Wilkes Booth used to kill Abraham Lincoln is displayed at the Center for Education and Leadership at Ford's Theatre in Washington . 'It really is about the power of the artifact,' said Patricia Mooradian, president of The Henry Ford, as the entire history attraction is known. 'It's less about the artifact itself than the symbolic nature of the artifact that represents a great paradigm change in the history of our country,' she added. Buskiewicz has also visited Dealey Plaza in Dallas where Kennedy was assassinated. 'You just have to try to take it in when you're in those areas,' he said, but he wonders 'why we gravitate' toward places and things associated with these types of events. Goodwin, whose book helped inspire Steven Spielberg's movie, 'Lincoln,' says that standing before iconic yet everyday objects provides a deep experience that transcends the moment that made them famous. 'In some ways, it's more familiar when it's a chair, a bus or a limo,' she said. 'There's something about the tangibility of these things.' The chair in which Lincoln was show is regularly displayed in an encasing at The Henry Ford Museum. For the 150th anniversary it will be taken out of the encasing .","The Henry Ford Museum in Dearborn, Michigan, has had chair for 85 years .
The worn, red chair, from Washington D.C.'s Ford's Theatre, is usually kept in an enclosed case but will be put in an open plaza on April 15 .
Abraham Lincoln was shot by John Wilkes Booth on April 14, 1865 .
The Henry Ford Museum also holds the limo in which John F. Kennedy was shot and the bus Rosa Parks rode when she refused to give up her seat .","The chair in which Abraham Lincoln was shot has been on display at The Henry Ford Museum in Dearborn, Michigan, for 85 years. A playbill from Our American Cousin from the night President Abraham Lincoln was assassinated on April 14, 1865 is shown on display at the Henry Ford Museum in Dearborn . The chair in which Lincoln was show is regularly displayed in an encasing at The Henry Ford Museum."," The red, worn chair will be removed from its enclosure at Dearborn's Henry Ford Museum and displayed in an open plaza on April 15 as part of the museum's observance of the assassination's 150 anniversary . Two days earlier, it will be onstage when renowned historian and Lincoln expert Doris Kearns Goodwin delivers a sold-out lecture at The Henry Ford . The chair has a dark stain on the back, which many visitors believe to be blood from the shooting, but historians at the museum say that the stain is oil from other people's heads who sat in the chair before Lincoln .",0.35064935064935066,0.22222222222222224
"Tottenham are considering a state-of-the-art stadium with a retractable pitch that enables them to become the home of a new NFL London franchise. The bold design of the new £400million stadium, due to be completed for the start of the 2018-19 season, could involve a ‘slide-out’ grass football pitch with an NFL-style synthetic surface housed underneath. The option of extra-large changing rooms, to accommodate NFL squad sizes that can amount to as many as 70 players at a game, is also being explored by architects. Tottenham are considering sharing their new £400m stadium with an NFL franchise . A spokesman for the north London club did not rule out the possibility this week, confirming that they are ‘looking at options’ in order to ‘future-proof the design’. The NFL is said to be within five years of having a permanent franchise in London. Indeed officials will be testing logistics when they stage their three games at Wembley this autumn, with teams looking at how quickly they can have their players back in the USA and ready to play again. The clash between the Buffalo Bills and Jacksonville Jaguars on October 25 will kick-off at 1.30pm while the New York Jets vs Miami Dolphins game on October 4 and Detroit Lions vs Kansas City Chiefs contest on November 1 will both begin at 2.30pm. As well as allowing the NFL to experiment with a live game on TV at breakfast time in the States (9.30am Eastern time), teams are able to take advantage of the time difference and be home on American soil by Sunday night. Tottenham's new state-of-the-art stadium is due to be ready in time for the 2018-19 season . Spurs' new 65,000 capacity stadium could be better suited to the NFL than the 90,000-seat Wembley . If Tottenham press ahead with the proposed stadium design and secure the NFL franchise it would represent a significant blow to the FA, who also see the NFL as a potentially lucrative partner for Wembley, their £757m stadium. But the NFL are keeping their options open at this stage in the knowledge that a new London stadium designed with American football requirements in mind would be hugely advantageous. Even the proposed capacity of 65,000 for the new White Hart Lane is a more realistic target than 90,000 seats which Wembley boasts. Wembley does have the iconic status that the NFL finds attractive but there are other issues with the national stadium. Not least the fact that they have to leave the lowest 5,000 seats empty so that the view of spectators is not restricted by the mass of huge bodies on the touchline. The modern NFL stadiums make sight-lines for spectators a priority and the new White Hart Lane could overcome the problem that is experienced at Wembley by having the artificial pitch at a significantly lower level beneath the moveable grass pitch. Wembley has hosted NFL regular-season matches since the International Series began in 2007 . Detroit Lions' clash with Atlanta Falcons kicked off early, as will all three games at Wembley later this year . Retractable grass pitches are nothing new in modern stadia design. England have played on two: at Gelsenkirchen in Germany during the 2006 World Cup and in the Sapporo Dome in Japan four years earlier. The Gelredome in Holland also has a retractable pitch, as does the University of Phoenix Stadium that hosted this year’s Super Bowl. The advantage for these stadiums is the ability to grow the grass in a more natural environment, outside, away from the shadows of the stands while also having the capacity to stage different events without damaging the playing surface. A feat of modern engineering, a pitch can be moved outside the stadium in less than four hours. A spokesman for Tottenham said: ‘The club has always seen the new stadium as being at the heart of the regeneration of the area and it is important, therefore, to look at how we future-proof the design, as well as increasing the functionality of the stadium, whilst being conscious of community uses. At this stage it is about looking at options but nothing more.’","Tottenham's new £400m stadium due to be completed for 2018-19 season .
NFL said to be within five years of having a franchise in London .
Wembley Stadium currently hosts NFL International Series games .
Three regular-season NFL games will be played in London this year .
CLICK HERE for all the latest Tottenham Hotspur news .",Tottenham are considering a state-of-the-art stadium with a retractable pitch that enables them to become the home of a new NFL London franchise. Tottenham are considering sharing their new £400m stadium with an NFL franchise . Tottenham's new state-of-the-art stadium is due to be ready in time for the 2018-19 season .," Tottenham are considering a state-of-the-art stadium with a retractable grass pitch . The new 65,000 capacity White Hart Lane could be better suited to the NFL than Wembley . The NFL is said to be within five years of having a permanent franchise in London .",0.21238938053097345,0.3137254901960785
"A pensioner is living in fear after his Jack Russell saved him from a badger the size of a large pig with six-inch teeth. Shocked Terry Cooper, 79, was enjoying the sunshine in his garden with his dog Sam when the huge animal burst through a hedge with two cubs. Mr Cooper, from Curry Rivel, Somerset said his dog  dragged him back indoors and fears he could have been attacked if his pet had not been there. Scroll down for video . Shocked: Pensioner Terry Cooper said the huge badger burst through a hedge with two cubs (stock image) Mr Cooper spotted the huge badger while sitting in his garden in the sunshine with his Jack Russell Sam . The retired charity worker said: 'I've got a little Jack Russell and I took him out just after tea at 5pm. 'Suddenly there was a badger and two little'uns in my garden. 'He was the size of a pig, with teeth about six inches long. They were as long as a lemonade bottle is wide.' 'My dog turned me round and quickly pulled me in,' Mr Cooper added. 'The badger didn't attack me, so I didn't seek medical attention, but I was left badly shaken. 'If I hadn't have had my dog there, the badger could have had me.' Following the scare, the National Farmers' Union has issued advice for residents on protecting their property from invading badgers (stock photo) He has covered the gap in his hedge with two pieces of metal and a bag of compost. Following the scare, the National Farmers' Union has issued advice for residents on protecting their property from invading badgers. Alex Stevens, South West regional policy advisor, said: 'Badgers are protected by law and people shouldn't be interfering with badgers or setts. 'This incident is really unusual and surprising, given the time at which it happened. But badgers are pretty headstrong. I suspect he was searching for an easy source of food. 'Badgers can squeeze through any gaps in fences or hedges which are bigger than 7.5 centimetres. So if you have fencing with the slats spaced more narrowly, that will help. 'Even better, people can protect their property through badger-proof fencing. This goes a foot or two into the ground so that badgers cannot tunnel underneath it. 'People should also keep the lids on their bins, and if they have a dog or a cat, don't leave their food or water bowls out in the open. 'If you do have to make contact with a badger, be sure to wash your hands afterwards.'","Terry Cooper, 79, said a badger the size of a large pig burst through hedge .
The pensioner from Somerset said his Jack Russell dragged him indoors .
Fears he may have been attacked by the badger if his pet hadn't been there .","Shocked: Pensioner Terry Cooper said the huge badger burst through a hedge with two cubs (stock image) Mr Cooper spotted the huge badger while sitting in his garden in the sunshine with his Jack Russell Sam . 'If I hadn't have had my dog there, the badger could have had me.' Following the scare, the National Farmers' Union has issued advice for residents on protecting their property from invading badgers (stock photo) He has covered the gap in his hedge with two pieces of metal and a bag of compost."," Terry Cooper, 79, was enjoying the sunshine in his garden with his dog Sam . The huge animal burst through a hedge with two cubs with six-inch teeth . Mr Cooper, from Curry Rivel, Somerset, said his dog dragged him back indoors . He fears he could have been attacked if his pet had not been there .",0.22727272727272724,0.4948453608247423
"(CNN)It is a city transformed, swollen in size but shrunken in scope, anxiously awaiting what comes next. On Kabul's streets, you can easily find the uneasy legacy of America's longest war. Outside one mosque -- mixing with other men desperate for a day's worth of casual manual labor -- are five men who months ago had one valuable skill NATO depended upon: they speak English. Now however, their world has turned upon them. They were, each for a different reason -- each for a reason they do not understand -- all fired from their jobs and then blacklisted, they say, meaning they can no longer get work with other government groups or NGOs here. The skill they once thrived off has left them isolated, and fearing reprisals. They sleep in market stalls, and avoid traveling to see their families in case the threats they face are visited upon them. ""My family is still living in the provinces,"" one of the men tells me. ""I cannot go there. I am living in a market, in one of the empty shops."" Another adds: ""My family, everybody, give up on me, they are nervous."" A third man -- all requested anonymity -- says: ""Right now I sleep here, on the street, in this mosque area."" ""We are in prison in Afghanistan,"" a fourth says. The U.S. Embassy and NATO declined to comment for this story. EXCLUSIVE: The last Americans in Afghanistan . Helicopters still buzz around the capital. Its population is five times what it was when NATO arrived here, even by the most conservative estimates, and the violence in the provinces means people swell it further still -- arriving in Kabul's dusty, mountainous bowl of a city in order to avoid the fighting. Neighborhoods that were once massively over-priced cliques of foreigners living in ""poppy palaces"" -- villas allegedly bought from profiteers of the opium trade -- are now empty. One road, forever pot-holed in the past decade, is now being covered over by Afghans who, it seems, are finally reclaiming that street. Even Chicken Street, the hackneyed pedestrian shopping road where new Western arrivals would buy carpets or local trinkets, is more or less deserted. One shopkeeper says it could be the embassy security warnings that are keeping people away now. It is the same for the restaurants here that used to brim with contractors and NGO workers. They are now empty, the sound of their heavy metal doors echoing across deserted tables. It is immeasurably different to three years ago when I lived there. Drive out east -- past the women in burqas who sit on road bumps, holding their children, hoping drivers will slow enough to throw them change -- and you see roads lined with the detritus of America's war here. Huge lines of excavators, cherry-pickers, and forklift trucks sit idle. At times it seemed there was little America wouldn't do, or try, to meets its often fluid goals in the country. Yet today, the machines that could have once moved small mountains do little more than gather dust. EXCLUSIVE: Afghan woman forced to marry her rapist . Further down the road too are more winners-turned-losers of the NATO presence here. Vast supply chains once kept 120,000 troops fed and watered. Trucks lined the roads and climbed up to the military bases. Now the bases are gone, and the trucks that once supplied millions sit still. Their bosses may have fled abroad with their winnings, yet the drivers have been left behind, stuck with vehicles that cost them $30,000 to buy -- and $1,000 a year just to keep on the road -- but that would fetch just a tenth of that price now. ""The contracts were with big businessmen and commanders who were giving us very little and made themselves very rich and are now living comfortably in Dubai,"" one truck driver tells us. Yet still the wedding palaces proliferate. Along one stretch of road their endless, multiplying lights throb. Each night the houses seem packed -- the commitment to the future still is popular here, despite the uncertainty -- even if the lights that decorate them seem more and more like a symbol of leaving. One set actually replicates the shape of an expensive hotel in Dubai. The city's lights do shine staggeringly and often constantly -- something the Taliban never achieved during their rule here. NATO's efforts to keep them on are reported to have involved diesel power stations that cost billions but were barely switched on. The question many surely ask here -- as the last American troops prepare to retreat inside the U.S. Embassy by the end of next year -- is how much longer the lights will continue to glow. READ MORE: Nick Paton Walsh answers your questions about Afghanistan .","Kabul faces uncertain future as NATO presence -- and the money that came with it -- fades away .
Interpreters are out of work, NATO trucks sit idle on roads, restaurants are empty .","""My family is still living in the provinces,"" one of the men tells me. Drive out east -- past the women in burqas who sit on road bumps, holding their children, hoping drivers will slow enough to throw them change -- and you see roads lined with the detritus of America's war here. Further down the road too are more winners-turned-losers of the NATO presence here."," Kabul is swollen in size but shrunken in scope, anxiously awaiting what comes next . Vast supply chains once kept 120,000 troops fed and watered . Now the bases are gone, and the trucks that once supplied millions sit still . Neighborhoods that were massively over-priced cliques of foreigners living in ""poppy palaces"" are now empty .",0.12371134020618557,0.18823529411764706
"A chef has created a 10in-tall, half-kilogram burger piled with six forms of three different meats and containing a whopping 2,000 calories. The Whole Damn Farm, which costs £13.50, is the creation of Sam Longhurst, head chef of Splendid Kitchen, Manchester. He devised the mega meal - which contains two beef patties and a whole fried chicken thigh - after he was challenged by diners to create a burger containing three kinds of meat. The Whole Damn Farm burger features two beef burgers, homemade bacon jam, ham chunks, a whole chicken thigh, barbequed pulled pork and bacon rashers . Ready, get set, go! Customer Angela Fox gets ready to take on the mighty meat challenge . The monstrous meat feast has two beef burgers weighing 220g, a layer of homemade bacon jam, 100g of ham chunks and a 150g whole battered and fried chicken thigh. Added to that is 80g of barbequed pulled pork and four rashers of bacon all sandwiched between two brioche buns. With a meat equivalent of six Big Macs the burger was created after a customer presented with the restaurant's 'Cow & Chicken' burger - a feast in its own right - remarked, 'It's almost the whole damn farm.' Mr Longhurst said: 'We are always up for a challenge and when a customer seemed disappointed by a burger that only contained beef and chicken, we knew we had to take it one step further. 'You could say we've taken it several steps further as there are six different forms of meat on there. I think it'll keep the punters satisfied.' The head chef joined forces with owner Mike Edge to set out to achieve what might constitute a whole farmyard of animals in one meal. Chef Sam Longhurst from the Splendid Kitchen restaurant in Manchester with his mega burger . Encased between a semi-brioche bun are: . Two beef burgers weighing 220g . Layer of homemade bacon jam . 100g of ham chunks . A whole chicken thigh weighing 150g . 80g of barbequed pulled pork . Four rashers of bacon . Mr Longhurst, who lives in Salford with his wife and eight-year-old son Matthew, said: 'It's amusing when people are cocky and decide to go for it, as it's a monster of a burger and they don't realise that. I have only just managed to eat it myself. 'It's loads of fun making stuff that's a little bit ridiculous. I experiment with cooking at home too. 'Matthew and I will make homemade burgers stuffed with cheese and cold meats, so I think of The Whole Damn Farm burger as a supersized version of that. 'I think Matthew would be scared of it, to be honest, a burger the same size as his head.' Mr Edge said: 'We wanted something show-stopping; we haven't gone down the road of using crisps and sweets as toppings, where it starts to get silly. 'All our dishes are quite fresh-tasting with just the odd strange ingredient.'","Chef Sam Longhurst of Splendid Kitchen Manchester created the burger .
The 10-inch tall Whole Damn Farm burger weighs half a kilogram .
Two beef burgers, chicken thigh, pulled pork, bacon, ham and bacon jam .","The Whole Damn Farm burger features two beef burgers, homemade bacon jam, ham chunks, a whole chicken thigh, barbequed pulled pork and bacon rashers . The monstrous meat feast has two beef burgers weighing 220g, a layer of homemade bacon jam, 100g of ham chunks and a 150g whole battered and fried chicken thigh. Added to that is 80g of barbequed pulled pork and four rashers of bacon all sandwiched between two brioche buns."," The Whole Damn Farm is the creation of head chef Sam Longhurst, head chef of Splendid Kitchen, Manchester . It contains two beef burgers, homemade bacon jam, 100g of ham chunks, a whole chicken thigh, barbequed pulled pork and four rashers of bacon all sandwiched between two brioche buns .",0.29906542056074764,0.39024390243902435
"(CNN)Hillary Clinton's campaign-in-waiting met on Saturday in its Brooklyn headquarters, a day before the former secretary of state officially announces her campaign for president, according to a Democrat who attended the meeting. Robby Mook, Clinton's soon-to-be campaign manager, distributed a ""values statement"" at the meeting that outlined what the campaign will stand for, what their goals are and how they plan to win -- something Clinton failed to do in 2008. The campaign's purpose, the document states, is ""to give every family, every small business, and every American a path to lasting prosperity by electing Hillary Clinton the next President of the United States."" The document makes clear that the campaign will try to avoid mistakes that plagued Clinton's failed 2008 run. Many of the ""guiding principles"" in the memo mention issues that sunk Clinton's first campaign. The document, according to the source, includes the ideas from Mook, along with a wide array of Clinton's soon-to-be staffers and advisers. The memo maintains that the campaign must remain humble, disciplined and united, something voters in Iowa and others states have said Clinton did not do in 2008. ""This campaign is not about Hillary Clinton and not about us,"" reads the document that was obtained by CNN. In the section about the campaign's guiding principles, the document reads, ""We are humble: We take nothing for granted, we are never afraid to lose, we always outcompete and fight for every vote we can win. We know this campaign will be won on the ground, in states."" It also calls on campaign staffers to remain ""disciplined"" and ""open to a diverse range of views."" ""When we disagree, it's never personal. Once a decision is made, we execute it -- together,"" reads the memo. ""We know there will be tough days, but we will bounce back and get back to work."" The document also appears to telegraph the name to Clinton's campaign: ""Hillary for America."" Clinton is planning to launch her presidential candidacy on Sunday through a video message on social media, according to Democratic sources. Shortly after her announcement, Clinton will travel Iowa and New Hampshire, critical early caucus primary and caucus states.","Robby Mook, Hillary Clinton's soon-to-be campaign manager, distributes a ""values statement""
The memo maintains that the campaign must remain humble, disciplined and united .","The memo maintains that the campaign must remain humble, disciplined and united, something voters in Iowa and others states have said Clinton did not do in 2008. ""This campaign is not about Hillary Clinton and not about us,"" reads the document that was obtained by CNN. The document also appears to telegraph the name to Clinton's campaign: ""Hillary for America."""," Clinton's soon-to-be campaign manager distributed a ""values statement"" at the meeting . The document outlines what the campaign will stand for, what their goals are and how they plan to win . Clinton is planning to launch her presidential candidacy on Sunday through a video message .",0.27586206896551724,0.4109589041095891
"(CNN)Civil unions between people of the same sex will soon be recognized in Chile. The country joined several of its South American neighbors in allowing the unions when President Michelle Bachelet enacted a new law on Monday. ""This is a concrete step in the drive to end the difference between homosexual and heterosexual couples,"" Bachelet said. The new law will take effect in six months. It will give legal weight to cohabiting relationships between two people of the same sex and between a man and a woman. The Chilean government estimates that around 2 million people will be able to benefit from the change. The law is intended to end discrimination faced by common-law couples, such as not being allowed to visit partners in hospital, make medical decisions on their behalf or decide what to do with their remains. It also gives the couples greater rights in the realms of property, health care, pensions and inheritance. A number of South American nations have moved to allow same-sex civil unions in recent years. But marriage between people of the same sex is legal only in Argentina, Brazil and Uruguay.","President Michelle Bachelet signs law that will take effect in six months .
Chile joins several other South American nations that allow the unions .",(CNN)Civil unions between people of the same sex will soon be recognized in Chile. The country joined several of its South American neighbors in allowing the unions when President Michelle Bachelet enacted a new law on Monday. A number of South American nations have moved to allow same-sex civil unions in recent years., The new law will give legal weight to cohabiting relationships between two people of the same sex and between a man and a woman . The law is intended to end discrimination faced by common-law couples .,0.25641025641025644,0.10169491525423728
"Jack Wilshere continued his return from injury to captain Arsenal Under 21s, but could not prevent a 1-0 defeat by Reading's youngsters at the Emirates Stadium. Wilshere was joined by other injury plagued first team players including German forward Serge Gnabry and long-term absentee Abou Diaby who managed to last 56minutes as his own return gathered pace. However, it was the Royals who claimed victory after former Arsenal defender Martin Keown's son Niall scored the eventual winner with a header in the opening minutes. Jack Wilshere made his long-awaited comeback from injury in Arsenal U21's 1-0 defeat by Reading . Former Arsenal defender Martin Keown's son Niall celebrates after scoring the winner for the visitors . Another long-term Arsenal absentee Abou Diaby (left) continued his own return from injury . ARSENAL U21: Macey, Bielik (Dobson), Pleguezuelo, Ormonde-Ottewill, O'Connor, Diaby (Mavididi), Wilshere (Kamara), Maitland-Niles, Gnabri, Crowley, Iwobi . Subs: Iliev, Zelalem . Booked: Bielik . READING U21: Lincoln, Long, Keown, Griffin, Shaughnessy (Rinomhota), Owusu (Novaovich), Kelly (Fridjonsson), Kuhl, Sweeney, Cardwell, Fosu-Henry . Subs: Ward, Dickie . Scorer: Keown 8' This top-of-the-table Under 21s clash was supposed to showcase Arsenal's next generation of talent but it was a name from the past who stole the plaudits. Keown rose highest to head home Liam Kelly's corner past Gunners keeper Matt Macey after only eight minutes. The visitors were unfortunate not to double their lead through Tariqe Fosu only minutes later when his his curled effort skewed just wide. The Gunners pressed for an equaliser before the break with Gnabry slicing wide from 10yards out before Wilshere saw a decent strike saved by Reading keeper Daniel Lincoln. Wilshere became more and more influential when the game resumed after the interval - finding Alex Iwobi following a typical surge from midfield only for the forward's shot to be well saved. Daniel Crowley also impressed as Arsenal tried to get off the markt, he almost set up Wilshere in the latter stages but the England international's low strike could not find a way past the impressive Lincoln. England midfielder Wilshere presses during the first-half and managed to last 88minutes . German forward Serge Gnabry shoots at Reading's Daniel Lincoln (left) during the first half . Arsenal's new young signing Krystain Bielik receives the ball at the Emirates Stadium . Wilshere will be hoping to return to Arsenal's first team for the season run-in and FA Cup semi-final . Wilshere is left on the floor as the hosts chase the game without success in the second half . Gnarby takes on Keown (left) - who scored the opening goal for the Royals after eight minutes . The Gunners will be buoyed after both Wilshere and Diaby (right) came through the game unscathed . Wilshere smiles with referee Steve Plane ahead of the coin toss at the beginning of the match .","Jack Wilshere captained Arsenal Under 21s against Reading Under 21s .
Gunners first team players Abou Diaby and Serge Gnabry also featured .
Niall Keown scored with a header for the Royals after only eight minutes .","Jack Wilshere continued his return from injury to captain Arsenal Under 21s, but could not prevent a 1-0 defeat by Reading's youngsters at the Emirates Stadium. Jack Wilshere made his long-awaited comeback from injury in Arsenal U21's 1-0 defeat by Reading . Another long-term Arsenal absentee Abou Diaby (left) continued his own return from injury .", Jack Wilshere made his long-awaited comeback from injury in Arsenal U21's 1-0 defeat by Reading . Former Arsenal defender Martin Keown's son Niall scored the winner in the first-half . German forward Serge Gnabry and long-term absentee Abou Diaby managed to last 56minutes as his own return gathered pace .,0.19148936170212766,0.16091954022988503
"Most of us spend our time dreaming and saving for our next holiday, but meet the woman who gets to travel the world reviewing the best hotels, beds, pools and room service for her job. Travel photographer Rhiannon Taylor, 29, from Australia has turned her photography skills and penchant for globetrotting into a business, launching a website called 'In Bed With'. Travelling the world to review and photograph the most luxurious accommodations, the avid Instagrammer has turned her social media success into a growing company. Scroll down for video . Dream job: Rhiannon Taylor travels the world reviewing beds, pools and room service . With more than 12,000 followers on Instagram, liking her beautiful photos of her travels, the places she stays and the food she eats, Rhiannon spotted a gap in the market for elegantly-resented hotel reviews. She writes about everything form the best pies to the biggest beds and has travelled the world from Indonesia to the US and Mexico to document great hotels. As well as many hotels paying Rhiannon to stay and review, they also buy her professional pictures as well. The Melbourne-based photographer also works with companies who sell travel products, such as luggage and swimwear, allowing her to generate further income from featuring them on her site. The traveller said: 'I was a travel photographer for seven years which gave me endless work in different parts of the world. 'I'd record what hotel in Miami had the best pie to order on room service at midnight, which hotel in LA had the best pool or where the best beds are in Hong Kong. Luxury life! The photographer documents her findings on her In Bed With reviewing site . Rhiannon has travelled everywhere from Indonesia to the U.S. and Mexico featuring aspects like the best pie or biggest beds . The prolific Instgrammer has more than 12,000 followers and has turned her lifestyle into a business . 'About a year ago I decided to put my experiences in to an online magazine format and it really took off. The name is a bit cheeky and the concept is unique. 'Because I had built relationships with hotels and PR companies over the past seven years I was able to start contacting these resorts and establishments to see whether they'd be interested in me visiting and writing reviews. Rhiannon has stayed at some of the most exclusive hotels around the world, where private plunge pools, idyllic spas and sumptuous rooms come as standard. These are some of the properties she has photographed: . Australia . Mineral Springs Hotel, Hepburn Springs, , Victoria - Prices from AUS$415 per couple per night, midweek . Drift House, Port Fairy, Victoria - From AUS$375 per night . The Pullman, Melbourne - Prices from AUS$135 per night . Indonesia . Than Sanctuary, Canggu - Rates on request . Alila, Ubud - Terrace Tree Villa rates from $400 per night . Ossootel, Legian Bali - Prices from $99 per night . USA . The London, West Hollywood - Suites from $399 per night . Mexico . Resort at Pedregal, Cabo San Lucas - Suites from $550 per night, midweek . 'Thankfully a few gave me a chance and the rest is history.' When Rhiannon visits a resort, the aspects she aims to review for her readers include design, cuisine, location, atmosphere, comfort, ethical & environmental attitude and price. She said: 'I also provide them with a set of more commercial style images they can use for their own purposes in addition to my editorial spread. Rhiannon (pictured) had been a photographer for seven years, before utilising her PR and hotel contacts, and created the reviewing site . 'About a year ago I decided to put my experiences in to an online magazine format and it really took off. The name is a bit cheeky and the concept is unique,' she said . Rhiannon has visited some spectacular hotels around the world to sample what they offer . 'So they get a 2-for-1 deal - a feature on my site with access to my readership and a set of imagery they would employ a regular photographer to do anyway.' The reviewer also spoke of the importance of using social media alongside her travel writing. 'Social media really catapulted my site to the world. It's a way of showcasing your aesthetic and curating your opinion on something and inviting a social media user to subscribe to that.' This year the stylish reviewer plans to look into  experiential resorts across Australia, New Zealand, Asia and India that offer comfort nestled in incredible wilderness. 'I've been working with tourism boards to create campaigns in certain regions and countries to showcase accommodation and the surrounding areas, which funds my travel, expenses and fees.' Instagram is the perfect places for Rhiannon's artfully-posed shots taken at each hotel . The social media star also posts pictures and reviews of the food she eats on her travels . Many of the hotels also pay her to be featured on her site, as well as for the professional images she takes .","Photographer Rhiannon Taylor, 29, created the review site, In Bed With .
The Australian gets paid to visit, review and photograph the best hotels .
She aims to promote the unusual aspects such as biggest bed or best pies .",She writes about everything form the best pies to the biggest beds and has travelled the world from Indonesia to the US and Mexico to document great hotels. Rhiannon has travelled everywhere from Indonesia to the U.S. and Mexico featuring aspects like the best pie or biggest beds . 'Social media really catapulted my site to the world.," Rhiannon Taylor, 29, from Australia has turned her photography skills into a business . Travelling the world to review and photograph the most luxurious accommodations . She has more than 12,000 followers on Instagram and has travelled the world from Indonesia to the US and Mexico to document great hotels .",0.23157894736842105,0.2790697674418604
"A device has been created that can scan entire planes for contraband, bombs and weapons. The mobile X-ray scanner, heralded as the world’s first ‘airplane scanner’, sweeps down a plane and can detect various objects inside. While the radiation emitted by the scanner is not safe yet for humans to be in the plane when it is operated, the company behind it thinks it could become a vital tool in aircraft safety. Scroll down for video . Romanian company MB Telecom has revealed the Roboscan 2M Aeria. It uses a cone of radiation to sweep across planes (shown) and look inside. The device is accurate enough to find a filament in a light bulb. But the radiation it emits is not safe for passengers yet . The Roboscan 2M Aeria is being developed by Romanian company MB Telecom (MBT). It costs €3 million (£2.1 million, $3.2 million), reported The Times, and is apparently already being used to check trucks at borders in Eastern Europe, where it has helped seize 76,000 packs of illegal cigarettes. On its website, MBT says the Aeria is ‘the very first solution for aircraft security inspection.’ It can scan planes from small private jets to medium-sized commercial airplanes. The company notes that, while passengers and their luggage are thoroughly inspected at airports, there is no such inspection process for jets arriving at small private airports with low security. But with their device, the company says this ‘gap’ in aviation security can be plugged, and it can scan an entire plane in about 20 minutes. The device can be used to detect weapons (shown) and other contraband in small or medium-sized jets that land at low-security airports . An operator working inside the truck can look inside the entirety of a plane, although currently under regulations some areas of the plane - such as the fuselage and wings - are restricted . There are four main components that allow an aircraft to be scanned. Armed with a sharp sense of smell, dogs have a long history of detecting explosives for their human handlers, and soon there could be sniffer elephants too. Researchers have found that the large mammals excel at identifying explosives by smell, stirring speculation about whether their extraordinary ability could save lives. Elephants could be used to detect land mines in areas that have seen conflict and could even do so at a distance with the aid of drones. The research was conducted in South Africa and involved the U.S. military. The first is the operating truck, from which an operator can use the system and look inside the plane. Attached to this is a robotic arm with an X-ray generator at the end. The plane is then pulled forwards by a battery-operated tug over a wide detection module. By firing X-rays out of the arm, a cone of radiation sweeps over the plane. The operator inside the truck is then given live images of the interior of the plane, and is able to scan its entirety for hidden items. It is apparently so accurate that it could pick out keys on a seat or even a filament in a light bulb. One issue, though, is that aircraft operators do not authorities to inspect the whole plane - areas of the fuselage and the wings are off limits, even though Roboscan can examine these areas. ‘You cannot touch it, but you can scan it,’ said Radu Tudor of MBT at the Counter Terror Expo in London this week. There are four main components that allow an aircraft to be scanned. The first is the operating truck (shown), from which an operator can use the system and look inside the plane . The plane is pulled forwards through the scanner by a battery-operated tug (shown) over a wide detection module. By firing X-rays out of the arm, a cone of radiation sweeps over the plane .","Romanian company MB Telecom revealed the Roboscan 2M Aeria .
It uses a cone of radiation to sweep across planes and look inside .
The device is accurate enough to find a filament in a light bulb .
But the radiation it emits is not safe for passengers yet .","An operator working inside the truck can look inside the entirety of a plane, although currently under regulations some areas of the plane - such as the fuselage and wings - are restricted . The first is the operating truck, from which an operator can use the system and look inside the plane. The first is the operating truck (shown), from which an operator can use the system and look inside the plane ."," Romanian company MB Telecom has revealed the Roboscan 2M Aeria . It uses a cone of radiation to sweep across planes and look inside . The device is accurate enough to find a filament in a light bulb . It can be used to detect weapons and other contraband in small or medium-sized jets that land at low-security airports . It costs €3 million (£2.1 million, $3.2 million) and is already being used to check trucks at borders in Eastern Europe .",0.17241379310344826,0.5826771653543307
"The Ministry of Defence was under fire after vital details of the RAF's main base on the Falklands Islands were published on their website. The secret document, which has the exact GPS co-ordinates of vital facilities as well as information on the depth of concrete on the runway were published unencrypted on the MoD's website. The details could be used as 'an invasion guide' by Argentina, with the technical information providing excellent intelligence to any Argentine bombers sent to attack the islands. The Falklands Islands are defended by a squadron of RAF Typhoon aircraft operating from Mount Pleasant aerodrome on West Falkland, supported by a refueling tanker to extend their operational area . The aerodrome also operates as a Search and Rescue location with Sea King helicopters, pictured . The airstrip, pictured, is home to four Europfighter Typhoon aircraft tasked with defending the islands . The Aerodrome Manual was accidentally uploaded onto a public section of the MoD's website and could have been downloaded by Argentine intelligence agents to help prepare a mission to recapture the islands. A senior military source told The Express: 'This is exactly the kind of intel foreign powers send spies to get. 'It's practically an invasion handbook. Taking out the runway could cripple Britain's ability to fight off invaders in the ongoing sovereignty dispute.' The MoD admitted the manual had been available on the internet but the link had been disabled. They denied the information was particularly sensitive. The blunder occurred as Argentina was described as a 'very live threat' by Defence Secretary Michael Fallon. This comes as Argentina is preparing to lease 12 Sukhoi SU-24 long-range bombers from Russia. The Falklands Islands are defended by modern Eurofighter Typhoon aircraft, supported by Rapier surface-to-air missiles and 1,200 troops. The Royal Navy also patrols the area and nuclear-powered submarines are also thought regularly travel to the region. And the MoD recently announced the £228million purchase of new anti-aircraft missiles to boost island defences. The jets are housed in hangers just off the main runway where they can be airborne quickly to intercept any potential aircraft inbound from Argentina in the event of a new conflict . Argentina is considering leasing 12 Suhkoi SU-24 bombers, pictured, from Russia. The Cold War-era jets have a range of 650 miles and would be able to bomb Mount Pleasant without the need to refuel . The MoD published the Aerodrome Manual on their website where it could be downloaded by anyone . The Cold War-era jet has a maximum range of 650 miles - which means it could attack the Falklands Islands and return to Argentina without the need to refuel. It also can carry 3,000kg of bombs as well as air-to-air missiles. The jets, despite being designed in the 1960s, are also capable of supersonic travel. This comes as tensions between Britain and Argentina have increased over plans by UK firms to drill for oil in the South Atlantic. Argentina's minister for the Malivinas - the name it uses for the Falklands Islands - Daniel Filmus threatened to prosecute any British firms exploring for oil near the islands. He said: 'The new exploration efforts to try to find hydrocarbons in the area carry a huge environmental risk. 'We want the owners of the companies to be tried according to Argentine laws and international statutes.' A Foreign Office spokesman said: 'We have always been very clear that this is an unlawful assertion of jurisdiction over the Falklands Islands' continental shelf, which we reject, and we will raise it will the appropriate authorities. 'We are satisfied that the Islands have the right to develop their hydrocarbons sector as a legitimate commercial venture with international oil and gas companies, and will continue to support them as they move forward. Argentine domestic law does not apply to the Falkland Islands.'","The MoD accidentally published information on Falklands RAF base online .
Mount Pleasant aerodrome is home to four Eurofighter Typhoon jets .
Argentina is considering leasing 12 Sukhoi SU-24 bombers from Russia .
The supersonic attack aircraft can carry 3,000kg of bombs 650 miles .","The details could be used as 'an invasion guide' by Argentina, with the technical information providing excellent intelligence to any Argentine bombers sent to attack the islands. The Falklands Islands are defended by a squadron of RAF Typhoon aircraft operating from Mount Pleasant aerodrome on West Falkland, supported by a refueling tanker to extend their operational area . The MoD published the Aerodrome Manual on their website where it could be downloaded by anyone .", The Aerodrome Manual was accidentally uploaded onto a public section of the MoD's website . It has the exact GPS co-ordinates of Mount Pleasant aerodrome on West Falkland . It could have been downloaded by Argentine intelligence agents to help prepare a mission to recapture the islands . A senior military source said: 'It's practically an invasion handbook. Taking out the runway could cripple Britain's ability to fight off invaders in ongoing sovereignty dispute',0.15517241379310345,0.11864406779661017
"(CNN)Oklahoma Gov. Mary Fallin signed a bill on Friday that would allow the state to perform executions with nitrogen gas if lethal injection is ruled unconstitutional or becomes unavailable. Nitrogen causes a quick loss of consciousness and then death from lack of oxygen, Fallin's office said in a press release. CNN affiliate KFOR says it's never been used in an execution in the United States. ""The person will become unconscious within eight to 10 seconds and death a few minutes later. In other words, a humane, quick and painless death,"" said Rep. Mike Christian, one of the bill's authors, according to KFOR. Robert Dunham, executive director of the Death Penalty Information Center, told the Washington Post that the same ""painless"" argument had been used to advance the use of lethal injections. ""The hasty manner in which this bill sped into law reflects the same lack of care with which Oklahoma has managed its execution process historically,"" he said. Oklahoma's executions have been put on hold while the U.S. Supreme Court reviews its use of lethal injections. Last year, the state came under scrutiny when it took 43 minutes to kill convicted killer Clayton Lockett. Fallin reaffirmed her support for the death penalty. ""Oklahoma executes murderers whose crimes are especially heinous,"" Fallin said. ""I support that policy, and I believe capital punishment must be performed effectively and without cruelty. The bill I signed today gives the state of Oklahoma another death penalty option that meets that standard."" The governor's office said the first alternative for execution is lethal injection, followed by nitrogen gas, the electric chair and the firing squad.","Nitrogen gas causes a quick loss of consciousness and then death from lack of oxygen, Oklahoma says .
The state's executions are on hold while the U.S. Supreme Court reviews the state's use of lethal injections .","Nitrogen causes a quick loss of consciousness and then death from lack of oxygen, Fallin's office said in a press release. Fallin reaffirmed her support for the death penalty. The bill I signed today gives the state of Oklahoma another death penalty option that meets that standard."""," Nitrogen causes a quick loss of consciousness and then death from lack of oxygen, Fallin's office says . ""The person will become unconscious within eight to 10 seconds and death a few minutes later,"" one of the bill's authors says .",0.4418604651162791,0.4556962025316456
"Attack: Sam Barton, who has had £55,000 of cosmetic surgery to look like Joey Essex, was egged on Easter Monday (pictured) 'Britain's vainest man' who had taxpayer-funded plastic surgery  to look like reality star Joey Essex said today he is being bullied online by a gang who have now  thrown eggs in his face. Sam Barton, who has had £55,000 of cosmetic surgery  - including two operations on the NHS - believes the culprits tracked him down using his Facebook posts and then attacked him in the street. The 22-year-old says abuse online about his appearance also forced him to move house. On Easter Monday he was attacked by a group of men who pelted him with eggs from a car. Sam had been enjoying a drink in the Green House pub in Sutton Coldfield, West Midlands, when a group of men shouted abuse at him as he left. The yobs then hurled six eggs at him before speeding off - leaving him with yolk and shell running down his face on the pavement. Sam said he believed he had been targeted because he had 'checked in' at the pub on Facebook minutes earlier. He said: 'It was quite a shock at first. I had just left the pub with two friends when I was suddenly pelted in eggs. 'There was shell in my hair and yolk dripping down my face. 'They shouted my name and swore at me as they drove past and threw eggs at me. 'They clearly didn't like me. It was not the kind of egg I was hoping to receive over the Easter holiday but after the shock had worn off I did have a laugh about it.' Scroll down for video . Sam had been taking part in filming with Geordie Shore star Vicky Pattison on Saturday April 4 - just two days before he was attacked. Spending: Barton has spent £20,000 on treatment for his teeth, around £5,000 on Botox, £2,000 on waxing and £2,500 on tanning treatment. Two nose jobs have cost £10,400, although one was free on the NHS . Pursuit of celebrity: Sam Barton has gone bankrupt financing plastic surgery and a champagne lifestyle to match his TOWIE heroes Joey Essex, together left, and Harry Derbidge, right . The pair spent the day being pampered at a beauty salon and then enjoying drinks in Birmingham for a reality show which will be aired on MTV. Debts: Barton admits he had debts of £100,000 on 15 credit cards and store cards trying to make it as a celeb . He also recently appeared on popular ITV show Judge Rinder to resolve a wrangle with a lapdancer friend over a Botox treatment row. Sam, who has spent £55,000 on perfecting his look, revealed in January he was going bankrupt after racking up debts of £35,000 on his Champagne lifestyle. Sam is the grandson of Aston Villa's European Cup winning boss Tony Barton and is best friends with Benefits Street star White Dee. Fame-hungry Sam previously revealed he had spent £55,000 on reconstructive surgery and beauty treatments to turn himself into the 'perfect man.' And he has amassed credit card debts of £25,000 in four years in search of the Joey Essex look that he hopes will make him a star. He has spent £20,000 on treatment for his teeth, around £5,000 on Botox, £2,000 on waxing and £2,500 on tanning treatment. Two nose jobs have cost £10,400, although one was free on the NHS. He admitted spending an astonishing £100,000 in just four years, blowing up to £2,000 a night on £300 bottles of expensive fizz. Sam, who lives with mum Jackie, dad Chris and brother Ed in Sutton Coldfield, plunged into the red after spending a fortune on plastic surgery. He added: 'I've spent around £55,000 trying to improve my looks and get the perfect image. 'The rest I've spent on designer clothes, jewellery, holidays, spa treatment and champagne. 'In total, I have spent around £100,000. At one point I counted 15 credit cards and store cards. 'I really do not regret it, I have had the time of my life over the last few years. 'My manager says this bankruptcy thing will clear my debts, so it's basically free money isn't it?' Sam, who is best pals with Benefits Street's White Dee, is now setting his sights on a place in the Big Brother house this summer.","Sam Barton had £55,000 of plastic surgery including two NHS operations .
22-year-old says trolls traced him online then egged him in the street .
Celebrity wannabe says abuse over his appearance forced him to move .
But he has also gone bankrupt financing cosmetic surgery and partying .","Attack: Sam Barton, who has had £55,000 of cosmetic surgery to look like Joey Essex, was egged on Easter Monday (pictured) 'Britain's vainest man' who had taxpayer-funded plastic surgery  to look like reality star Joey Essex said today he is being bullied online by a gang who have now  thrown eggs in his face. Spending: Barton has spent £20,000 on treatment for his teeth, around £5,000 on Botox, £2,000 on waxing and £2,500 on tanning treatment. He has spent £20,000 on treatment for his teeth, around £5,000 on Botox, £2,000 on waxing and £2,500 on tanning treatment."," Sam Barton has had £55,000 of cosmetic surgery to look like TOWIE star Joey Essex . 22-year-old was attacked by a group of men on Easter Monday in Sutton Coldfield, West Midlands . He believes culprits tracked him down using Facebook posts and then attacked him . He said: 'It was not the kind of egg I was hoping to receive over the Easter holiday'",0.1794871794871795,0.2654867256637168
"David Cameron will launch a multi-billion pound sale of Lloyds Bank shares if he wins the Election – in what would be the largest privatisation bonanza since the Thatcher era. The Prime Minister will today pledge that if he is returned to Downing Street he will offer the public £4 billion of Lloyds shares still held by the Government after Gordon Brown’s £20 billion panic bailout with taxpayers’ money during the 2008 economic crisis. Individuals will be allowed to buy up to £10,000 worth of Lloyds Banking Group shares, which were worth 78.7p when the stock market closed on Friday – comfortably above the 73.6p paid by Mr Brown’s government. Scroll down for video . David Cameron will launch a multi-billion pound sale of Lloyds Bank shares if he wins the Election . The shares will be offered at a discount of at least 5 per cent on the market rate at the time, with the proceeds used to help pay down the national debt. It is the latest ‘retro’ Conservative policy to hark back to the 1980s, following Mr Cameron’s revival in the manifesto of the Thatcherite ‘Right to Buy’ offer for housing association tenants. But while investors 30 years ago took overnight profits on their stakes in privatised companies such as British Gas and British Telecom – leading critics to claim that it encouraged ‘carpetbaggers’ – Lloyds shareholders will be encouraged to hang on to their holding. A loyalty bonus will be offered of one free share for every ten held for at least a year after the sale, up to a maximum bonus value of £200. The sale of Lloyds shares would be the biggest privatisation since the 1980s when Mrs Thatcher’s government sold £3.9 billion of BT shares and £5.6 billion of British Gas shares in the famous ‘Tell Sid’ campaign. Thirty-three major companies were privatised under Mrs Thatcher between 1984 and 1991, which supporters said led to a dramatic improvement in their efficiency and a boost to tax revenues for the Treasury. Like Right to Buy, it also helped to entrench Tory support among voters who benefited from the windfalls. No 10 strategists hope Mr Cameron’s pledge will remind voters of the economic problems that blighted the country under Mr Brown’s premiership. The recovery under Chancellor George Osborne has allowed him to sell £9 billion of shares in Lloyds to City investors for more than the price that former chancellor Alistair Darling paid in 2008. CLAIM: Jesse Norman and the chocolate cake he allegedly gave out while campaigning for re-election . Police are investigating a Tory MP over claims he attempted to bribe voters with chocolate cake. Jesse Norman allegedly gave out cake while campaigning for re-election at an Asda supermarket in his Hereford constituency. West Mercia Police last night said it was investigating reports of a breach of the Representation of the People Act 1983, which bans Election candidates from providing food, drink or entertainment in a bid to win votes. The probe follows would-be Ukip MP Kim Rose, who is standing in Southampton Itchen, being grilled by police for giving out sausage rolls at a party event earlier this year. Detectives are expected to speak to Mr Norman after he was photographed with trays of baked goods on April 2. He described the allegations as ‘nonsense’, saying: ‘We had a couple of small boxes of chocolate muffins ... we may have given out one or two to children, who are not even voters.’ There have been two sales to big pension funds and City institutions in 2013 and early in 2014. Late last year, UK Financial Investments, the Treasury body that manages the Government stake, hired investment bank Morgan Stanley to sell a few million Lloyds shares in the market every day over a six month period – a practice known as a ‘dribble-out’. The Government still owns £12.5 billion of Lloyds shares and experts expect £4 billion worth to be offered to the public, with the rest sold to City institutions. With the share price currently above 78p, the Tories will be able claim they have banked a profit running into billions for the taxpayer. However, while Lloyds has been a success story, the Government’s other big bank investment – Royal Bank of Scotland – has not. The Treasury under Mr Brown paid an average of 502p a share for RBS when it was rescued. They were changing hands on Friday for 349p. In Mr Cameron’s announcement today, he is expected to say: ‘The £20 billion bailout of Lloyds Bank by the last Labour government became a symbol of the crisis that engulfed the British economy under Labour. After the public bailed it out, people feared they wouldn’t see their money returned. Today they are. ‘Today’s announcement marks another step in the long journey we have been making repairing our banks, turning our economy around and reducing our national debt, only made possible by our long-term economic plan. ‘That’s why it is so important that we don’t put all that progress at risk, but instead build on what we’ve done so we can deliver a brighter, more secure future for our country.’ COUNTRY LIFE: A 'beater' at work and below,  a bottle of Sipsmith Dry Gin . The Prime Minister indulged his love of country sports by taking part in a secret country shoot near his Oxfordshire constituency home. And he celebrated with a nip of a specially prepared ‘Chipping Norton’ cocktail. But witnesses say that David Cameron did not himself use a gun – despite his reputation as a skilled marksman. Instead, he acted as a ‘beater’ to flush out the game. The event took place on New Year’s Eve but until now has been kept a closely guarded secret. It took place near Chipping Norton, the Oxfordshire town which has given its name to the ‘Chipping Norton set’ of high-profile local residents from the world of politics, media and showbusiness such as Mr Cameron and Jeremy Clarkson. Last night, the man who served Mr Cameron the cocktail said other people on what he described as a ‘country walk’ had no idea there would be a VIP guest. Jared Brown, master distiller at the West London ‘artisanal’ gin company Sipsmith, said: ‘No one but the landowner knew the Prime Minister would be joining us.’ He fought shy of describing the event as a shoot, but added: ‘I can say with utter certainty that Mr Cameron did not handle a gun.’ Mr Brown confirmed, though, that the PM did sample the cocktail, based on Sipsmith London Dry Gin. Last night, the drink, also containing manuka honey, raspberry tea and extract of echinacea, was being dubbed the ‘Chipping Norton cocktail’.","David Cameron will pledge to sell Lloyds shares if he wins the election .
Government hold shares after Labour's £20billion bailout in 2008 .
The £4billion sale would be the biggest privatisation since the 1980s .",David Cameron will launch a multi-billion pound sale of Lloyds Bank shares if he wins the Election – in what would be the largest privatisation bonanza since the Thatcher era. The Prime Minister will today pledge that if he is returned to Downing Street he will offer the public £4 billion of Lloyds shares still held by the Government after Gordon Brown’s £20 billion panic bailout with taxpayers’ money during the 2008 economic crisis. David Cameron will launch a multi-billion pound sale of Lloyds Bank shares if he wins the Election .," David Cameron will launch multi-billion pound sale of Lloyds Bank shares if he wins the election . Individuals will be allowed to buy up to £10,000 worth of shares worth 78.7p . It is the latest 'retro' Conservative policy to hark back to the Thatcherite 'Right to Buy' offer .",0.26771653543307083,0.30952380952380953
"The son of a Syrian imam who was shot dead on a London street may have met his father’s killer just days before the murder. Sources close to the investigation, which is being led by the counter-terrorism unit, told the Sunday Times that Abdul Hadi Arwani, an opponent of Syrian President Bahsar Al-Assad, had visited the area where he was killed with his son days before his death. Arwani, 48, was shot and killed in his car on a quiet street in North West London after being called there last Tuesday, apparently to provide a quote for building work. Scroll down for video . imam, Abdul Hadi Arwani (pictured), was called to a job in the area he was killed days before his death . When the imam, who had links to the Muslim Brotherhood in the UK and abroad, arrived to the house with his son and not on his own, the supposed potential client asked Arwani to come back another day. The man was identified as black and speaking with an African accent. He pretended to have lost his keys which is why he asked Arwani, a part-time builder, to return later. The Sunday Telegraph reported that the man, who has not been otherwise been identified, also told the imam that there was no need for his son to accompany him again when he did come back. Arwani's children are in little doubt their father was killed by the man asking for the building quote. Scotland Yard is looking into whether the man was a hired killer who postponed the hit because because Arwani was not alone. The counter-terrorism unit has special expertise relating to politically motivated assassinations but they are also keeping other lines of inquiry open. Aspects of Arwani’s personal life as well as his financial standing are being considered. The Syrian-born activist and imam died of multiple gunshot wounds to the chest sustained near to the junction of the Paddocks and Greenhill, Wembley. His car was parked on what has been described as a blind bend, just out of sight of CCTV. Home: Mr Arwani, originally from Syria, lived in this home in White City, west London . Arwani’s VW Passat was parked neatly on the side of the road with its engine still running and one window wound down when his body was found . Neighbours, nearby at the time of the murder, have said they did not hear any shots fired, indicating, perhaps, that the killer used a silencer. Arwani’s VW Passat was parked neatly on the side of the road with its engine still running and one window wound down when his body was found. The Muslim Brotherhood, the Islamist political group to which Arwani had long-standing links, is outlawed in many Middle Eastern countries. One Syrian opposition activist has said despite Arwami’s standing and his participation in protests against the Assad regime in London in 2012 (pictured) the imam was an unlikely target for assassination . One of the imam’s friends was quoted as saying that Arwani left the group in an official capacity ‘seven or eight years ago’ but had kept ties with some of the group’s senior figures. One Muslim Brotherhood leader, Ali Sadraddine Al-Bayanouni attended a gathering in remembrance of Arwani in the capital last week. Described as ‘non-violent Islamist’ by his family Arwani had links to a number of controversial preachers. Among them was Abu Qatada, deported to Jordan and dubbed Osama Bin Laden’s man in Europe. Arwani also campaigned against the extradition of the hook-welding preacher Abu Hamzr for offences related to terrorism. Despite the connections there is nothing to suggest Arwani was anything more than a peaceful moderate. Leaving Syria in 1982 during the last, failed uprising against the Assad regime, Arwami moved to Britain in the mid 1990s. He studied Islamic Sharia in Jordan where he claimed to have been sentenced to death in his absence by Syrian authorities. One Syrian opposition activist has said despite Arwani’s standing and his participation in protests against the Assad regime in London in 2012 the imam was an unlikely target for assassination. Imam: Mr Arwani was a preacher at the An-Noor Mosque (pictured) in Acton, West London, which has a reputation for hosting fundamentalist speakers . Hassan Anywabwile (pictured) from Trinidad and Tobago was brought in to replace Arwani at the An-Noor Mosque . Bassam Tablieh, a solicitor and opponent of the Syrian government, said there were many more obvious, high priority targets for Syrian authorities to go after in London. Police are also looking into a row over finances and transparency which led to Arwani being ousted from the An-Noor mosque in Acton where he was imam up until 2011. He was replaced at his mosque by a Caribbean preacher involved in an attempted coup d'état 25 years ago. Hassan Anywabwile from Trinidad and Tobago was brought in to replace Arwani at the An-Noor Mosque. Anywabwile's name appears in the Caribbean nation's parliamentary documents surrounding a violent coup attempt in 1990 by Muslim group Jamaat al Muslimeen It is understood that Arwani wanted to register the mosque as a charity with trustees, moving it away from its current status whereby the Acton mosque operates as a company. While the building for the mosque was bought for £1 million, raised in contributions from a number of members of the community, land registry records state the sole owner to be Khalid Rashad, one of the mosque’s founders, through a firm called ‘Brickridge’. The murdered imam had reportedly begun legal proceedings in the high court over the dispute. Rashad, 61, a Muslim convert from Wembley refused to comment on the row or Arwani’s decision to leave the mosque. He referred to a statement that expressed ‘great sadness’ at the imam’s death. It has not been suggested that any members of the mosque were involved in the murder.","Imam Abdul Hadi Arwani called to a building job in the area he was killed .
Possible client appeared to back off when Arwani arrived with his son .
Anti-Assad activist found in the area days later, victim of a professional hit .
Police look at personal and financial ties as possible motivation for killing .","One Syrian opposition activist has said despite Arwami’s standing and his participation in protests against the Assad regime in London in 2012 (pictured) the imam was an unlikely target for assassination . One Syrian opposition activist has said despite Arwani’s standing and his participation in protests against the Assad regime in London in 2012 the imam was an unlikely target for assassination. Imam: Mr Arwani was a preacher at the An-Noor Mosque (pictured) in Acton, West London, which has a reputation for hosting fundamentalist speakers ."," Abdul Hadi Arwani, 48, was shot and killed in his car on a quiet street in North West London . He was called to a job in the area where he was killed with his son days before his death . The imam was an opponent of Syrian President Bahsar Al-Assad and had links to the Muslim Brotherhood . Scotland Yard is looking into whether the man was a hired killer who postponed the hit because because he was not alone . He pretended to have lost his keys which is why he asked the imam, a part-time builder, to return .",0.15714285714285714,0.26315789473684215
"Palermo president Maurizio Zamparini has slapped a €50million (£36m) price tag on Paulo Dybala, telling Paris Saint-Germain they will have to spend big to sign the 'new Lionel Messi'. A bidding war is set to break out over Dybala, who is being tracked by Manchester United, Chelsea, Arsenal, Inter Milan, Juventus and PSG. Roberto Mancini was spotted at the Stadio Ennio Tardini on Sunday, when Palermo lost 1-0 against Parma, and the Inter manager was understood to be there to watch Dybala. Palermo president Maurizio Zamparini has slapped a €50million (£36m) price tag on Paulo Dybala . Dybala is wanted by Manchester United, Chelsea, Arsenal, Inter Milan, Juventus and Paris Saint-Germain . Inter Milan manager Roberto Mancini watched the Serie A match between Parma and  Palermo on Sunday . Yet the former Manchester City manager's fiercest competition would be Ligue 1 champions PSG, with Palermo determined to cash in. 'I'm in contact with the player's agent and with PSG president Nasser Al-Khelaifi,' Zamparini told Telefoot. 'For PSG, he would be a good investment for the future. 'For me, he is the new Messi. Today, how much would you pay for Barcelona's Argentine? €200m (£143m)? €300m (£215m)? And even at that price, would he be sold? 'Messi is worth an entire team and Dybala is this kind of player. I want €40m (£29m) for him but I asked Nasser for €50m (£36m). 'The boy's agents have already travelled to Paris to talk to the club but Dybala has some doubts because there are already great players there.' Dybala would more likely be guaranteed a first-team place in Italy rather than France, but could be sold to the Paris club if they are prepared to meet Zamparini's demands. Palermo are determined to cash in on Dybala as he is wanted by some of Europe's biggest clubs . Dybala has been likened to Barca's Lionel Messi, pictured celebrating a goal against Espanyol last weekend .","Paulo Dybala is being tracked by Manchester United, Chelsea and Arsenal .
Inter Milan, Juventus and Paris Saint-Germain are among others interested .
Inter boss Roberto Mancini was spotted at the Palermo match on Sunday .
Palermo president Maurizio Zamparini is demanding £36m from PSG .
READ: Dybala says he would love a Serie A stay .","Palermo president Maurizio Zamparini has slapped a €50million (£36m) price tag on Paulo Dybala, telling Paris Saint-Germain they will have to spend big to sign the 'new Lionel Messi'. Palermo president Maurizio Zamparini has slapped a €50million (£36m) price tag on Paulo Dybala . Dybala is wanted by Manchester United, Chelsea, Arsenal, Inter Milan, Juventus and Paris Saint-Germain ."," Paulo Dybala is wanted by Manchester United, Chelsea, Arsenal, Inter Milan, Juventus and PSG . Palermo president Maurizio Zamparini has slapped a €50million (£36m) price tag on the Argentine . Inter Milan manager Roberto Mancini was spotted at the Stadio Ennio Tardini on Sunday .",0.2678571428571429,0.4421052631578948
"John Carver knows only too well that a Tyne-Wear derby can make or break a manager. His first in the dugout was as assistant to Ruud Gullit in August, 1999, when on a sodden night at St James' Park the Dutchman left out Alan Shearer and Duncan Ferguson and paid for his selection with his job after a 2-1 defeat. Carver is now fighting to win the head coach position beyond the end of this season and knows what impact a victory – or a loss – could have on Sunday afternoon. John Carver is relishing the chance to take charge of his hometown club against Sunderland on Sunday . Gullit controversially decided not to start star players Duncan Ferguson and Alan Shearer in 1999 . Carver was assistant to former Newcastle manager Ruud Gullit who managed the club between 1998 and 1999 . His memories of Gullit's downfall remind him of such consequences. 'We were at the old training ground at Durham Cricket Club and I was in the room with Steve Clarke and Ruud,' recalls Carver. 'All of a sudden, he started talking about what the team was going to be against Sunderland. I said, 'Sorry Ruud, what did you say there?'. 'He said he was going to leave out Alan and Duncan. I said, 'Do you know how important this game is?'. 'He said, 'I have played in some massive derbies. I've played in them in Holland and London and I played in the Milan derby too'. 'I said, 'Yeah, but you haven't played in one like this Ruud'. 'And then we just walked out of the room. He seemed set on the fact that was what he was going to do. 'I talked about it being a motivation for the opposition seeing Alan and Duncan on the bench. But he had no concerns whatsoever. 'I actually thought, 'If we don't win it, he's gone'. I said to Steve, 'Is he writing his resignation before the game?'. Gullit's selection gambit did not pay off and Newcastle ended up losing 2-1 to Sunderland at St James' Park . 'We actually went 1-0 up but they turned it around and then the heavens opened. It was a dreadful night.' The following morning Shearer went to see Gullit, only Ferguson had beaten him to it, knocking the door off the hinges, legend has it. By the end of the week he had quit. Carver was also by Alan Pardew's side during the last four derby defeats, a factor the former manager admits did him little favours with the Toon Army. In that respect, Carver knows how much a positive result could aid his chances of landing the job on a permanent basis. 'In the eyes of the fans, if you win a derby game, it's massive,' he said. 'I'm not saying everything else is forgotten, but it certainly helps your case. If I come off and it's not been a football match but we win 1-0, I'll be delighted with that. 'We had a good football match last weekend (2-1 defeat at home to Arsenal) and got nothing for it. At the end of the day, it's all about getting the win.' Carver was also assistant manager to Alan Pardew, who lost four successive games against Sunderland .","Newcastle boss John Carver is relishing the chance to take charge of his hometown club against Sunderland in the Wear-Tyne Derby .
Carver has been part of the coaching staff for previous Newcastle managers Alan Pardew, Sir Bobby Robson and Ruud Gullit .
He was Gullit's assistant when Newcastle were beaten 2-1 by Sunderland after the Dutchman benched  Alan Shearer and Duncan Ferguson .
Carver insists that he will not make the same mistakes as his predecessor .","His first in the dugout was as assistant to Ruud Gullit in August, 1999, when on a sodden night at St James' Park the Dutchman left out Alan Shearer and Duncan Ferguson and paid for his selection with his job after a 2-1 defeat. Carver was assistant to former Newcastle manager Ruud Gullit who managed the club between 1998 and 1999 . 'He said he was going to leave out Alan and Duncan.", John Carver is relishing the chance to take charge of his hometown club against Sunderland on Sunday . Carver was assistant to Ruud Gullit who managed Newcastle between 1998 and 1999 . The Dutchman controversially left out Alan Shearer and Duncan Ferguson in a 2-1 defeat at St James' Park in 1999 .,0.19999999999999998,0.40625
"(CNN)If you're famous and performing the American national anthem, be prepared to become a national hero or a national disgrace. Facts are facts.  Just ask Vince, Whitney, Roseanne, Jimi and Michael. Mötley Crüe's Vince Neil reminded us again this week of the dangers of tackling ""The Star-Spangled Banner."" Sure, he can shred it on ""Girls, Girls, Girls"" and ""Dr. Feelgood,"" but this is a different story -- a completely different story. To say Neil butchered the song before the Las Vegas Outlaws Arena Football League game would be unkind to those in the profession.  There's less carnage when butchers are done with their work. The late Whitney Houston set the modern standard for the national anthem at Super Bowl XXV.  In the early stages of the Gulf War in 1991, a patriotic America saluted her performance. Just six months earlier, comedian Roseanne Barr may have established the low-water mark. The crowd at the San Diego Padres game booed her rendition and President George H. W. Bush called it ""disgraceful."" There's nothing quite like getting the presidential thumbs down. One of the most controversial and beloved versions of ""The Star-Spangled Banner"" comes from 1969. Guitar slinger Jimi Hendrix inflamed mainstream America with his psychedelic take on the national anthem to the delight of the Woodstock generation. And then there's Michael Bolton's version.  Overly wrought songs are his specialty and he doesn't disappoint in that department when he sings at the American League Championship Series in 2003.  Bolton belts it out, but there's one little problem -- the words.  Can anyone say crib notes?","Singing the national anthem is a risky proposition .
Whitney Houston nailed it; Roseanne Barr destroyed it .","Just ask Vince, Whitney, Roseanne, Jimi and Michael. To say Neil butchered the song before the Las Vegas Outlaws Arena Football League game would be unkind to those in the profession. Guitar slinger Jimi Hendrix inflamed mainstream America with his psychedelic take on the national anthem to the delight of the Woodstock generation."," The late Whitney Houston set the modern standard for the national anthem at Super Bowl XXV . Roseanne Barr may have established the low-water mark . Jimi Hendrix inflamed mainstream America with his psychedelic take on the anthem . Michael Bolton belts it out, but there's one little problem -- the words .",0.08695652173913045,0.18181818181818182
"Andreas Christopheros, 29, was left fighting for his life when corrosive liquid was thrown in his face . A second person has been charged over a doorstep acid attack on a property developer that left him scarred for life and suffering a loss of vision. Property developer Andreas Christopheros, 29, was left fighting for his life when corrosive liquid was thrown in his face outside his home in Truro, Cornwall. Nicole Phillips, 45, from Hastings in East Sussex, has been charged with perverting the course of justice and is due to appear at Bodmin Magistrates Court on April 30. Her husband David Phillips, 48, had already been charged with grievous bodily harm with intent. Appearing at Truro Crown Court on Monday he pleaded not guilty to the charge, and was remanded in custody before his trial on June 8. Mr Christopheros, a father-of-one, was left with life-changing injuries, including a loss of vision and facial scars after the alleged attack last December. A businessman in the event and property management industries, he used to organise the Run To The Sun event, an annual custom car and dance festival which attracts around 100,000 car fans to Newquay every summer. He is thought to have worked on BBC Radio One Roadshows. The privately-educated businessman, who attended King's College in Taunton, Somerset, before graduating from Plymouth University, also used to run a holiday park in Newquay. Mr Christopheros is also a director of Chase 3000, a car rally across Europe planned for 2015, and owns several properties around Newquay. Mr Christopheros' property  in Truro (pictured) was cordoned off after he was attacked outside it in December . The businessman was left in a critical condition at Royal Cornwall Hospital (pictured) after the attack . Sorry we are not currently accepting comments on this article.","Andreas Christopheros was left fighting for his life when corrosive liquid was thrown in his face outside his Truro, Cornwall, home on December 9 .
Nicole Phillips, 45, from Hastings, has been charged with perverting the course of justice and will appear at magistrates' in Bodmin on April 30 .
Husband David Phillips, 48, had already been charged over the attack .
Has denied grevious bodily harm with intent and will stand trial in June .","Andreas Christopheros, 29, was left fighting for his life when corrosive liquid was thrown in his face . Property developer Andreas Christopheros, 29, was left fighting for his life when corrosive liquid was thrown in his face outside his home in Truro, Cornwall. Mr Christopheros' property  in Truro (pictured) was cordoned off after he was attacked outside it in December ."," Andreas Christopheros, 29, was left fighting for his life when acid was thrown in his face . Nicole Phillips, 45, from Hastings in East Sussex, charged with perverting the course of justice . Husband David Phillips, 48, had already been charged with grievous bodily harm with intent . He pleaded not guilty to the charge at Truro Crown Court on Monday and was remanded in custody .",0.3511450381679389,0.5925925925925926
"A prisoner in Oregon has been slapped with an extra 30 days behind bars - for dropping his trousers and flashing a judge. Dustin Irons was appearing over video-link to a court in Oregon when he managed to pull down his pants for the lewd gesture, despite being in handcuffs. The outraged judge sentenced him to an extra 30 days in jail for contempt of court. Dustin Irons flashed a judge - despite being in handcuffs - after he became disgruntled with court proceedings . After the shocking incident sheriffs from the Umatilla Sheriff's office quickly covered him up and.bundled him back to his cell. Captain Stewart Harp admitted a certain admiration to the East Oregonian newspaper saying: 'How he was able to do that with restraints was pretty creative.' Irons, 26, has been in prison since December after he was arrested for trashing a hotel room and assaulting people inside. A court hearing was held after Irons, from Pendleton, pleaded not guilty to second-degree assault, unlawful use of a weapon and second-degree criminal mischief and menacing. Umatilla County Corrections Center. The unamused judge added an extra 30 days onto Irons' detention . Since being in prison Irons was known as a difficult inmate, Harp added, who needed to be kept with two officers and in handcuffs if he was moved. Irons appeared in the hearing via a video-link from Umatilla County Jail, with his image shown on a large TV to the courtroom. After becoming unhappy with the way the hearing was continuing, he decided to expose himself to the judge. He faces another disciplinary investigation within the jail, and could be put into a segregation unit for his misdemeanor.","Dustin Irons was appearing in court via video-link on a large TV screen .
Indecently exposed himself when he was unhappy with court proceedings .
Unamused judge added 30 days to his sentence for the lewd gesture .","The outraged judge sentenced him to an extra 30 days in jail for contempt of court. The unamused judge added an extra 30 days onto Irons' detention . Irons appeared in the hearing via a video-link from Umatilla County Jail, with his image shown on a large TV to the courtroom.", Dustin Irons was appearing over video-link to a court in Oregon when he pulled down his pants . The 26-year-old became disgruntled with court proceedings after becoming unhappy with the proceedings . The judge added an extra 30 days to his detention for contempt of court .,0.27586206896551724,0.45783132530120485
"(CNN)Blues legend B.B. King was hospitalized for dehydration, though the ailment didn't keep him out for long. King's dehydration was caused by his Type II diabetes, but he ""is much better,"" his daughter, Claudette King, told the Los Angeles Times. The legendary guitarist and vocalist released a statement thanking those who have expressed their concerns. ""I'm feeling much better and am leaving the hospital today,"" King said in a message Tuesday. Angela Moore, a publicist for Claudette King, said later in the day that he was back home resting and enjoying time with his grandchildren. ""He was struggling before, and he is a trouper,"" Moore said. ""He wasn't going to let his fans down."" No more information on King's condition or where he was hospitalized was immediately available. B.B. is short for Blues Boy, part of the name he used as a Memphis disc jockey, the Beale Street Blues Boy. He was inducted into the Rock and Roll Hall of Fame in 1987, and has 30 Grammy nominations. King, 89, has used various models of Gibson guitars over the years, and named each one of them Lucille. In the 1980s, Gibson officially dropped the model number on the guitar he used last and most. It became a custom-made signature model named Lucille, manufactured exclusively for the ""King of the Blues."" Some of his hits include ""The Thrill Is Gone,"" which won him his first Grammy in 1970, ""There Must be a Better World Somewhere"" and ""When Love Comes to Town,"" a collaboration with U2. Last year, the bluesman suffered from dehydration and exhaustion after a show in Chicago, forcing him to cancel the remainder of his tour. CNN's Greg Botelho and Sonya Hamasaki contributed to this report.","B.B King is now out of the hospital and back at home .
Bluesman suffered from dehydration and exhaustion after a 2014 show in Chicago .
B.B. is short for Blues Boy, part of the name he used as a Memphis disc jockey .","King was hospitalized for dehydration, though the ailment didn't keep him out for long. King's dehydration was caused by his Type II diabetes, but he ""is much better,"" his daughter, Claudette King, told the Los Angeles Times. It became a custom-made signature model named Lucille, manufactured exclusively for the ""King of the Blues."""," ""I'm feeling much better and am leaving the hospital today,"" B.B. King's dehydration was caused by his Type II diabetes, his daughter says . ""He wasn't going to let his fans down,"" Claudette King's publicist says .",0.1414141414141414,0.12048192771084337
"At least one is dead after a powerful storm capsized several sailboats participating in a regatta, and crews searched late on Saturday for at least four people missing in the waters, the Coast Guard said. The storm rolled through the area about 4 p.m. and a man was plucked from the waters by the Coast Guard around 9 p.m., Petty officer Carlos Vega said. He said crews would search through the night. 'We knew we were totally lost at sea,' said regatta participant Rhonda Morgan Gilreath, right, shown with her boyfriend Randy Rutledge of Rome Georgia on Saturday . Dauphin Island Regatta sailors gather near their docked sailboats on Saturday, April 25, 2015, in Dauphin Island, Alabama where Coast Guard officials said they responded to a report of multiple capsized vessels . More than 100 sailboats and as many as 200 people were participating in the Dauphin Island regatta in Mobile Bay. Dauphin Island Mayor Jeff Collier told Al.com  that at least one person was confirmed dead, but he did not know the cause. 'It's been a very tragic day,' Michael Smith, with the Buccaneer yacht club, told WSFA-TV. 'We've had a lot of breakage, missing people, fatalities.' Susan Kangal, who was on a boat, told WSFA it was the worst storm that she has seen. 'We were probably an inch from capsizing; everybody was ready to jump. I didn't have a life jacket on,' she said. The boats were part of the 57th iteration of the race. Scattered boats: 'They were scattered anywhere from Dauphin Island Bridge all the way out into Mobile Bay and across to Fort Morgan. It was a wide area,' said Dauphin Island Mayor Jeff Collier . Feeling blessed: Well-wishers congratulate regatta participant Robert Luiten of Mobile, Alabama, in blue shirt, on word that his son, Leonard Luiten, was found several hours after their boat capsized in a storm on Saturday . 'Apparently there were a number of vessels that became distressed, either capsized or what have you,' the mayor said. 'They were scattered anywhere from Dauphin Island Bridge all the way out into Mobile Bay and across to Fort Morgan. It was a wide area,' said Dauphin Island Mayor Jeff Collier. AL.com reports that Richard Mather, 52, of Mobile, was aboard a 39-foot O'Day sailboat along with seven people, when he saw two boats collide. He said that they expected thunderstorms but not as severe as they were. 'But we were not prepared for a gale,' Mather said, 'which is almost like a 30-minute hurricane.' Mather wasn't in the race and was able to pull three people onto his vessel about two miles north of the Dauphin Island Bridge. He said the boaters seemed extremely tired but none of them were injured. 'They were exhausted but they were fine,' he said. 'Their boats sunk so fast that they didn't have time to grab life preservers.'","A powerful storm capsized several sailboats participating in a regatta, and crews searched for at least four people missing in the waters .
Dauphin Island Mayor Jeff Collier said that at least one person was confirmed dead, but he did not know the cause .
'It's been a very tragic day,' Michael Smith, with the Buccaneer yacht club .
The identities of those who are dead and missing have not yet been revealed .","At least one is dead after a powerful storm capsized several sailboats participating in a regatta, and crews searched late on Saturday for at least four people missing in the waters, the Coast Guard said. It was a wide area,' said Dauphin Island Mayor Jeff Collier . It was a wide area,' said Dauphin Island Mayor Jeff Collier."," More than 100 sailboats and as many as 200 people were participating in the Dauphin Island regatta in Mobile Bay on Saturday . The storm rolled through the area about 4 p.m. and a man was plucked from the waters by the Coast Guard around 9pm . Crews searched late on Saturday for at least four people missing in the waters . 'We knew we were totally lost at sea,' said regatta participant Rhonda Morgan Gilreath, right, shown with her boyfriend Randy Rutledge of Rome Georgia .",0.453125,0.24516129032258066
"Beaten FA Cup semi-finalists Reading lost again as they were defeated by Birmingham in a scrappy Sky Bet Championship game at the Madejski Stadium on Wednesday night. Although Reading dominated most of the match, they wasted several chances in the closing stages of the first half. Birmingham held firm and grabbed the winner seven minutes from the end, when Clayton Donaldson nodded in his 16th goal of the season. Clayton Donaldson (left) scored a late headed winner for Birmingham City as his side defeated Reading 1-0 . Donaldson, who signed from Brentford in the summer, scored his 16th goal of the season . READING: Federici, Gunter, Cooper, Hector, Ake, McCleary (Appiah 63), Karacan, Chalobah, Obita, Mackie (Stacey 63), Blackman (Novakovich 81) Subs not used: Kelly, Norwood, Akpan, Andersen . Booked: Obita . BIRMINGHAM CITY: Randolph, Spector, Morrison, Kiernan, Caddis (Dyer 62), Tesche, Gleeson, Fabbrini (Shinnie 34), Grounds, Donaldson, Thomas (Gray 77) Subs not used: Cotterill, Novak, Doyle, Davis . Referee: Lee Mason . Attendance: 14,604 . Reading were involved in a dramatic 2-1 defeat against Arsenal, after extra-time, in the last four of the Cup at Wembley on Saturday. Goalkeeper Adam Federici, whose fumble led to Alexis Sanchez's winning goal, was retained against Birmingham - as were six of his fellow starters from Wembley. At least Reading had no pressure on them, the last lingering doubts of relegation having been removed when Millwall lost 2-0 at Blackburn Rovers on Tuesday night. Birmingham had little to play for either, apart from trying to improve on a poor recent record of just two wins in eight league matches. A predictably dour opening, with neither side keen to force the pace, ended when Wes Thomas aimed at Federici. But it was a weak effort that did not trouble the Australian goalkeeper. Reading, with only two wins in 13 league games behind them and no wins in six, responded swiftly as the game warmed up. Garath McCleary, scorer of Reading's equaliser against Arsenal, fired wide after a long pass from Jake Cooper. A Cooper header lacked the power to test Birmingham keeper Darren Randolph, Jamie Mackie shot wide after Jem Karacan had been blocked out, and Mackie and Nick Blackman had close-range efforts cleared to safety. Randolph made a flying save to keep out a fierce McCleary shot and the keeper also had to stop two decent long-range attempts from Nathaniel Chalobah. Reading fans showed their support for Adam Federci following his blunder at Wembley on Saturday . Donaldson goes one-on-one with Federici, who was hoping to make amends for his mistake against Arsenal . Birmingham threatened only rarely, Paul Caddis blazing over from a Diego Fabbrini cross, which Donaldson had missed, and Jonathan Grounds heading straight at Federici from a Caddis corner. Reading kept up the momentum after the interval but, as Birmingham defended stubbornly, the home side spoiled good approach work with poor final touches. Nathan Ake did manage to fashion a chance when wriggling clear of his markers but drove straight at Randolph. Reading lost their second game in as many matches as their poor Championship form continues . Birmingham continued to sit back, inviting the pressure. Jordan Obita missed with a powerful drive and then drilled over a low cross that no team-mate was able to reach. Andrew Shinnie was off target from distance but Reading regained the upper hand with efforts from Chalobah, a 20-yard shot saved by Randolph, substitute Jack Stacey and Ake. Birmingham rallied late on, with Federici having to make two smart saves to deny substitute Demarai Gray. And the visitors broke the deadlock in the 83rd minute. Stephen Gleeson delivered a corner from the left and Donaldson rose unchallenged to glance a header past the helpless Federici.","Reading are 18th in the Championship while Birmingham City sit in 15th .
Clayton Donaldson's 83rd minute header secured the three points .
The FA Cup semi-finalists dominated possession but were made to pay .","Clayton Donaldson (left) scored a late headed winner for Birmingham City as his side defeated Reading 1-0 . READING: Federici, Gunter, Cooper, Hector, Ake, McCleary (Appiah 63), Karacan, Chalobah, Obita, Mackie (Stacey 63), Blackman (Novakovich 81) Subs not used: Kelly, Norwood, Akpan, Andersen . Birmingham threatened only rarely, Paul Caddis blazing over from a Diego Fabbrini cross, which Donaldson had missed, and Jonathan Grounds heading straight at Federici from a Caddis corner.", Clayton Donaldson scored his 16th goal of the season for Birmingham City . Reading were beaten 2-1 by Arsenal in the FA Cup semi-final at Wembley on Saturday . It was Reading's second defeat in as many matches as their poor form continues .,0.05714285714285714,0.20512820512820512
"In a matter of moments, Samantha Rawcliffe was catapulted towards an uncertain future. Without warning, the mother-of-two lost all control of her body while she was behind the wheel of her car. Gripped by what would later be diagnosed as a rare brain disorder, the 40-year-old crashed. She blamed her uncontrollable shaking in the aftermath of the accident on her shock. But over the following days, when she lost control of her bladder repeatedly, she feared something else was to blame. Tests revealed she was suffering functional neurological disorder - an umbrella term for a wide variety of neurological symptoms that doctors cannot explain. Samantha Rawcliffe, 40, from Morecambe, has been diagnosed with the rare condition functional neurological disorder - an umbrella term to cover a range of neurological symptoms . The mother-of-two suddenly lost all control of her body and crashed her car last May. In the days after the accident she lost control of her bladder and was shaking uncontrollably . 'It wasn't a bad accident, but I went home shaken and had a drink,' she said. 'I just couldn't stop shaking. 'The next day I wet myself and I wet the bed for the next three nights. 'But I didn't know what was wrong with me, and thought I had a trapped nerve or something like that. 'Even a year on, I have no feeling in my bladder, and I don't know when I need the toilet or even when I am actually weeing. 'There is no sign that will ever return. 'When I was told I had FND, I didn't even know what  it was and it just isn't out there, it's so rare.' Following her accident on May 26, last year, Mrs Rawcliffe was taken to the Royal Preston Hospital to meet neurologists. They eventually diagnosed the rare illness functional neurological disorder in September, following a series of tests. Last September doctors diagnosed the rare brain disorder. Mrs Rawcliffe is now confined to her house, unable to walk and relies on a mobility scooter. Each day she has to take a cocktail of 32 different drugs . Mrs Rawcliffe, from Morecambe, has since had to give up her job as a teaching assistant, and can no longer drive. She struggles to walk further than eight metres, and relies on a mobility scooter to get around. Functional neurological disorder is an umbrella term that covers a variety of symptoms that cannot be explained. The condition can be as debilitating as Parkinson's disease and MS, and may share many common symptoms. Very few effective treatment plans exist. Physical therapy is often the most effective form of treatment, with the aim of reintroducing proper movement and motor control. Many patients are also prescribed cognitive behaviour therapy. The condition can cause the following symptoms: . Source: FND Hope . The 40-year-old spends most of her time confined to her home, and has to take 32 tablets each day to prevent choking fits and tremors. 'Life is quite boring and I can't do anything myself whether it's washing, showering, cooking cleaning,' she said. 'Before I was diagnosed I was going to the gym five times a week and I loved my job. I'm 40 - I never wanted to retire. 'In fact, I get quite tearful when I think about it and my old colleagues always say there is a hole where Sam should be at work. 'I've got no independence anymore and I sold my car in the end because I was sick of looking at it.' Doctors cannot determine whether the condition had been lying dormant in Mrs Rawcliffe's body before it revealed itself. She suffered a mini-stroke as a teenager but recovered within three weeks and met her husband Phillip a few months later. Despite back pain from another car accident 12 years ago, the mother-of-two has not suffered any other ailments. Power plant technician Phillip, 47, and the couple's children Rhys, 19 and Rebecca, 17, have rallied to help. 'I think the kids took it hard at first - there was a lot of crying,' Mrs Rawcliffe said. 'But I have a big family and support network and they have all adapted so brilliantly. 'I used to be the life and soul of the party and I've never been a miserable person but there is so much that I can't do and it's hard to take. 'I end up kind of mourning for the life that I had had before this.' Mrs Rawcliffe is hoping to raise awareness of the condition by drumming up funds for the organisation FND Hope to help boost support for sufferers. Mrs Rawcliffe, pictured with her husband Philip before her diagnosis, said: 'I used to be the life and soul of the party and I've never been a miserable person but there is so much that I can't do and it's hard to take'","Samantha Rawcliffe, lost control of her body and crashed her car last May .
Days later she lost control of her bladder and was shaking uncontrollably .
In September doctors diagnosed her with functional neurological disorder .
She is incontinent and confined to her house unable to walk or drive .","Gripped by what would later be diagnosed as a rare brain disorder, the 40-year-old crashed. Samantha Rawcliffe, 40, from Morecambe, has been diagnosed with the rare condition functional neurological disorder - an umbrella term to cover a range of neurological symptoms . Mrs Rawcliffe, pictured with her husband Philip before her diagnosis, said: 'I used to be the life and soul of the party and I've never been a miserable person but there is so much that I can't do and it's hard to take'"," Samantha Rawcliffe, 40, suddenly lost all control of her body and crashed her car last May . The mother-of-two, from Morecambe, was shaking uncontrollably after the accident . She blamed her shaking in the aftermath of the accident on her shock . But tests revealed she was suffering functional neurological disorder . The condition covers a wide variety of neurological symptoms that cannot be explained . Mrs Rawcliffe is now confined to her home, unable to walk and relies on a mobility scooter . She has to take 32 tablets each day to prevent choking fits and tremors .",0.14814814814814814,0.4113475177304965
"Gareth Bale is a huge doubt for Real Madrid's Champions League quarter-final second leg match against Atletico Madrid with a calf injury. The Welsh forward lasted just a few minutes before limping off during Real's 3-1 home victory over Malaga on Saturday. Real said in a statement on Monday: 'The tests done on Gareth Bale by Real Madrid's medical staff have revealed a muscular lesion in his soleus muscle in his left leg. Gareth Bale is a huge doubt for Real Madrid's Champions League quarter-final second leg on Wednesday . The Welsh forward lasted just a few minutes before limping off with a calf injury against Malaga on Saturday . 'His condition will be evaluated.' Los Blancos are also without Croatian midfielder Luka Modric, who suffered a knee ligament strain against Malaga and is expected to be unavailable for six weeks. However, Real coach Carlo Ancelotti is hoping to have striker Karim Benzema fit for Wednesday's match after the Frenchman missed Saturday's encounter at the Bernabeu with a knee injury. Ten-time European winners Real were held to a goalless draw at Atletico in the quarter-final first leg last week. Los Blancos are also without Croatian midfielder Luka Modric, who suffered a knee ligament strain . Ten-time European winners Real were held to a goalless draw at Atletico in the quarter-final first leg last week .","Real Madrid beat Malaga 3-1 on Saturday but Gareth Bale got injured .
They face Atletico Madrid in the Champions League quarter-finals .
Welshman has a calf problem that could sideline him on Wednesday .
Luka Modric is also missing for Real and could be out for six weeks .",Gareth Bale is a huge doubt for Real Madrid's Champions League quarter-final second leg match against Atletico Madrid with a calf injury. Gareth Bale is a huge doubt for Real Madrid's Champions League quarter-final second leg on Wednesday . Ten-time European winners Real were held to a goalless draw at Atletico in the quarter-final first leg last week.," Gareth Bale is a huge doubt for Real Madrid's Champions League quarter-final second leg match against Atletico Madrid . Welsh forward lasted just a few minutes before limping off during Real's 3-1 home victory over Malaga on Saturday . Los Blancos are also without Croatian midfielder Luka Modric, who suffered a knee ligament strain against Malaga and is expected to be unavailable for six weeks .",0.23423423423423423,0.2782608695652174
"Police in Houston say a 34-year-old man got behind the wheel of his car while under the influence Sunday, leaving a path of destruction in his wake and killing two people, one of them a 6-year-old boy. Blaine Boudreaux has been charged with intoxication manslaughter, intoxicated assault and failure to stop and render aid involving death in connection to at least three separate DUI collisions that took place within three hours in Houston. Boudreaux, who also has an extensive DUI record in his native Louisiana, was allegedly drunk when he ran a red light on Lockwood Drive at around 6.3opm and slammed his Dodge pickup truck into a Honda Civic. Path of destruction: Blaine Boudreaux (left), 34, has been charged in connection to three separate DUI crashes in Houston that killed 6-year-old Josh Medrano, injured his mother and led to the death of a homeless man . Heartbroken: The family of 6-year-old Joshua Medrano are seen Wednesday leaving the courtroom where Blaine Boudreaux made an appearance on charges stemming from a trio of accidents in Houston. On of the boy's relatives screamed at the suspect: 'I hope you die!' Joshua Medrano, 6, who was a passenger in the sedan, was fatally injured. His mother, Cynthia, was hospitalized with a punctured lung and broken bones. Boudreaux was arrested at the scene after failing a field sobriety test. Three wrecks: The 34-year-old, who has a history of DUIs in Louisiana, is also accused of crashing into another car carrying a woman and a toddler . Several hours earlier, according to police, the 34-year-old man struck and killed 61-year-old vagrant Leonard Batiste walking along Texas 5 Spur near the University of Houston. Investigators say the homeless man was mowed down at around 5.15pm Sunday but his body was not discovered until Monday afternoon. Boudreaux’s entire bumper, complete with his license plate, was found nearby. Blaine Boudreaux also has been linked to a third collision that occurred about two hours before Batiste's death. The two-car crash took place in the 6600 block of Fannin Street and involved a mother and her 2-year-old child, who were taken to a hospital and later released. In that case, Boudreaux was issued a ticket by a police officer and allowed to leave the scene. After slamming into the elderly man on Texas 5 Spur, Boudreaux allegedly dozed off behind the wheel and didn't wake up until another driver honked at him to get his attention. That is when he ran the red light at the intersection of Lockwood and the East Freeway and slammed into Cynthia Medrano's black Honda, killing her son, according to officials. Joseph Rodriguez, the boy's stepfather, said little Joshua wanted to become a firefighter when he grew up. Rodriguez said the officer who stopped Boudreaux after the first accident involving the mother and toddler should have detained him instead of letting the man go. Prosecutor Alison Baimbridge told the Houston Chronicle investigators are now looking into that collision and resulting citation in light of Boudreaux's apparent intoxication about two hours. Cynthia Medrano, pictured here with her family, was driving Sunday evening with her young son in the passenger seat when police say Boudreaux ran a red light and plowed into her Honda Civic . Doomed: Even though the 6-year-old was buckled in, he suffered fatal injuries and died upon arriving at a hospital . When questioned by police after his arrest, Boudreaux allegedly admitted that he had taken anti-depressants and a drug used to treat addiction to opiates before getting behind the wheel of his pickup truck Sunday afternoon. Blaine Boudreaux, a Catholic school dropout who moved to Houston in his late teens, has recently lost his home security business and allowed his pharmacy technician license to lapse, reported the Chronicle. During his arraignment Wednesday morning, prosecutors revealed that the suspect has multiple outstanding warrants for DUIs in Louisiana. In one case, he also had jumped bail. In light of these facts, his bond was set at $100,000 on each of the three counts, reported the station KTRK. Boudreaux’s arraignment was attended by several members of Joshua Medrano's family who sobbed in court and showed Boudreaux the middle finger. One woman cried out 'I hope you die!' as the suspect clad in an orange jumpsuit was being led out of the courtroom. Shattered: Cynthia Medrano, pictured with Joshua and her husband, suffered a punctured lung and broken bones .","Blaine Boudreaux, 34, charged with intoxication manslaughter, intoxicated assault and failure to stop and render aid involving death .
Accused of killing 6-year-old Joshua Medrano, injuring his mother, mowing down 61-year-old Leonard Batiste and slamming into into another vehicle .
He was stopped by police after first crash involving mother and toddler but was let go with a ticket .
Batiste, a homeless man, was found dead in a ditch a day later .
One of Joshua Medrano's relatives screamed at Boudreaux in court: 'I hope you die!'","Police in Houston say a 34-year-old man got behind the wheel of his car while under the influence Sunday, leaving a path of destruction in his wake and killing two people, one of them a 6-year-old boy. Path of destruction: Blaine Boudreaux (left), 34, has been charged in connection to three separate DUI crashes in Houston that killed 6-year-old Josh Medrano, injured his mother and led to the death of a homeless man . Heartbroken: The family of 6-year-old Joshua Medrano are seen Wednesday leaving the courtroom where Blaine Boudreaux made an appearance on charges stemming from a trio of accidents in Houston."," Blaine Boudreaux, 34, has been charged with intoxication manslaughter, intoxicated assault and failure to stop and render aid involving death in connection to at least three separate DUI collisions that took place within three hours in Houston . Police say he ran a red light and plowed into a Honda Civic Sunday evening, killing 6-year-old Joshua Medrano and injuring his mother, Cynthia Medrano . Joshua's mother was hospitalized with a punctured lung and broken bones, and her husband, her husband was also hospitalized . The homeless man, 61, was found dead Monday afternoon after being hit by a pickup truck in Houston, Texas .",0.22110552763819094,0.3958333333333333
"Pep Guardiola has denied claims of a dispute with former Bayern Munich club doctor Hans-Wilhelm Muller-Wohlfahrt, who quit the club on Thursday after 'being blamed' for the defeat by Porto. The 72-year-old, who had worked at Bayern for almost 40 years, sensationally quit the Bundesliga club, claiming 'the bond of trust is damaged', but Guardiola has played down claims of a feud. 'The reaction is on me, I was disappointed,' he told reporters in the wake of a shock Champions League quarter-final defeat by Porto. 'It was nothing to do with the doctor. Pep Guardiola has denied a rift with the former Bayern Munich doctor who quit the club this week . Hans-Wilhelm Muller-Wohlfahrt (right) quit the club, claiming the medical staff had been blamed for defeat . 'After the Champions League match of Bayern Munich against Porto the medical department was for some inexplicable reason made primarily responsible. The bond of trust is damaged.' 'I've been informed of the doctor's decision and I fully respect it. Nothing happened between us, it was his decision. Injuries are part and parcel of football, they're not the medical staff's fault.' Muller-Wohlfahrt's decision came after Bayern boss Guardiola appeared to imply that Wednesday's defeat was down to a lack of available players, commenting post-match: . 'We have players who were out a long time with injuries. Their legs don't last very long. It's a tough result to take into the second leg, but we'll give it a go.' Bayern had just 14 fit players to choose from at the Estadio do Drago, with Mehdi Benatia, Franck Ribery, Arjen Robben, Javi Martinez and David Alaba among the first-team regulars missing. Bayern lost 3-1 against Porto in the first leg of their Champions League quarter final on Wednesday . Bayern boss Guardiola looks perplexed as his side fall two goals behind during the early stages of the game . Guardiola also appeared to publicly humiliate Muller-Wohlfahrt eight days before his exit from the club, sarcastically clapping him when Benatia left the pitch injured. Continuing at his press conference on Thursday, Guardiola said: 'The responsibility for the defeat in Porto lies with me. Put together, my players have had 30 operations over the last two years, but we've still won the league and cup. 'We can't win every match 3-0 or 4-0 in this situation. It's impossible.' Muller-Wohlfahrt is renowned as a world leader in his field and has been at Bayern for almost 40 years . The 72-year-old (right) has worked with the German national team as well as athletes including Usain Bolt .","Hans-Wilhelm Muller-Wohlfahrt quit as Bayern Munich doctor this week .
The 72-year-old had worked at the Bundesliga club for nearly 40 years .
He said the medical department had been blamed for Porto defeat .
Pep Guardiola has denied there was a dispute and has taken responsibility for Bayern Munich's Champions League loss .","Pep Guardiola has denied claims of a dispute with former Bayern Munich club doctor Hans-Wilhelm Muller-Wohlfahrt, who quit the club on Thursday after 'being blamed' for the defeat by Porto. The 72-year-old, who had worked at Bayern for almost 40 years, sensationally quit the Bundesliga club, claiming 'the bond of trust is damaged', but Guardiola has played down claims of a feud. Muller-Wohlfahrt's decision came after Bayern boss Guardiola appeared to imply that Wednesday's defeat was down to a lack of available players, commenting post-match: .", Hans-Wilhelm Muller-Wohlfahrt quit Bayern Munich on Thursday after 'being blamed' for defeat by Porto . The 72-year-old claimed 'the bond of trust is damaged' Bayern lost 3-1 against Porto in the Champions League quarter-final on Wednesday . Pep Guardiola has denied a rift with the former Bayern Munich doctor .,0.28378378378378377,0.37037037037037035
"A Missouri inmate was executed Tuesday night for killing a man in a fit of rage over child support payments 16 years ago. Andre Cole, 52, became the third convicted killer put to death this year in Missouri. His fate was sealed after the U.S. Supreme Court turned down several appeals, including one claiming Cole was mentally ill and unfit for execution. Cole was executed by lethal injection at 10.15pm on Tuesday at the Eastern Reception, Diagnostic and Correctional Center in Bonne Terre, Missouri and was pronounced dead at 10.24pm, a spokesman for the Missouri Department of Corrections wrote in a statement to Daily Mail Online. Scroll down for video . Andre Cole, 52, became the third convicted killer put to death this year in Missouri . He declined to order a last meal and received the day's inmate tray meal of a turkey and bologna sandwich, a cookie and fruit punch. He did not provide a final written statement, the spokesman said. Department of Corrections Director George A. Lombardi read the following statement from Gov. Jay Nixon: 'Next week marks the observance of Crime Victims’ Rights Week in Missouri, and tonight I ask the people of our state to especially remember Anthony Curtis, murdered by the man whose sentence was carried out tonight. 'Far too often, the names of those who are victims of violent crime, such as Anthony Curtis, are the names that are forgotten. 'Please join us in keeping Anthony Curtis and his loved ones in your thoughts and prayers.' On Tuesday, Gov. Nixon refused a clemency petition that raised concerns about the fact that Cole, who was black, was convicted and sentenced by an all-white jury. Cole and his wife, Terri, were married for 11 years and had two children before divorcing in 1995. The couple fought about visitation and he was upset about child support payments, authorities said. By 1998, Cole was $3,000 behind in child support. Attorney General Chris Koster said Cole became angry when he learned that a payroll withholding order was issued to his employer, taking the money out of his check. 'Before I give her another dime, I'll kill (her),' Cole told co-workers, according to Koster. The first deduction appeared on his August 21, 1998, paycheck. Hours later, Cole forced his way into his ex-wife's home by throwing a tire jack through a glass door, Koster said. He was confronted by Curtis, a friend who was visiting. Andre Cole used a kitchen knife to repeatedly stab Curtis, then Terri Cole. Curtis died but Terri Cole survived. Cole fled the state but surrendered 33 days later. He claimed at trial that he did not bring a weapon into Terri Cole's house and that Curtis initiated the attack with a knife. Andre Cole's brother, DeAngelo Cole, 38, of Las Vegas, said the attack was out of character for his sibling. He called it a crime of passion. 'It was a one-time thing,' DeAngelo Cole said. 'He didn't have a history of that kind of behavior.' Cole's attorney, Joseph Luby, said Cole's mental health deteriorated during the more than a decade he spent in prison. He said Cole was plagued by psychosis and constantly heard voices in his head. Cole was executed by lethal injection at 10.15pm on Tuesday at the Eastern Reception, Diagnostic and Correctional Center (above) in Bonne Terre, Missouri . The courts were not convinced. Both the Missouri Supreme Court and the U.S. Supreme Court declined to halt the execution based on mental health concerns. The U.S. Supreme Court also turned away appeals based on Missouri's secretive method of obtaining the execution drug pentobarbital and over how instructions were given to the jury. The jury itself was the source of the clemency request to Nixon. Advocates for Cole, including the NAACP, the American Civil Liberties Union and others, said his case was among many in which St. Louis County prosecutors unfairly prohibited black jurors from hearing a death penalty case involving a black suspect. All 12 jurors in Cole's case were white. Kimber Edwards, who was scheduled for execution in May, was also convicted and sentenced by an all-white jury. The Missouri Supreme Court, without explanation, canceled the execution orders for Edwards earlier this month. Missouri tied Texas for the most executions in 2014 with 10. Missouri has now executed 15 men since November 2013.","Andre Cole, 52, became the third convicted killer put to death this year in Missouri and was executed by lethal injection on Tuesday .
He was given the death sentence for the 1998 murder of Anthony Curtis .
Cole was angry that a payroll withholding order was issued to his employer, taking the money out of his check for child support .
He confronted ex-wife Terri Cole on August 21, 1998 and used a kitchen knife to repeatedly stab Curtis and Terri Cole; she survived the stabbing .
He declined a last meal and had inmate tray meal of turkey and bologna sandwich, a cookie and fruit punch .","Andre Cole, 52, became the third convicted killer put to death this year in Missouri. Cole was executed by lethal injection at 10.15pm on Tuesday at the Eastern Reception, Diagnostic and Correctional Center in Bonne Terre, Missouri and was pronounced dead at 10.24pm, a spokesman for the Missouri Department of Corrections wrote in a statement to Daily Mail Online. Andre Cole, 52, became the third convicted killer put to death this year in Missouri ."," Andre Cole, 52, became the third convicted killer put to death this year in Missouri . His fate was sealed after the U.S. Supreme Court turned down several appeals, including one claiming Cole was mentally ill and unfit for execution . Cole was executed by lethal injection at 10.15pm on Tuesday at the Eastern Reception, Diagnostic and Correctional Center in Bonne Terre, Missouri . He declined to order a last meal and received the day's inmate tray meal of turkey and bologna sandwich, a cookie and fruit punch .",0.3425414364640884,0.4559585492227979
"A best man left guests at his brother's wedding in tears after composing an emotional song to use as his best man's speech. Melbourne singer Daniel Buccheri, who composed the tune to the popular music from artists such as Sam Smith and the Backstreet Boys, toasted his brother Adrian and his new wife Sarah at their March 29 wedding in  using his voice. The unique speech performed by Daniel at Poet's Lane in Sherbrooke, east of Melbourne, has been viewed over 100,000 times online and included tributes to his brother and his bride and also delves into his childhood and says he always looked up to his older sibling. Melbourne singer Daniel Buccheri (pictured) left guests at his brother's wedding in tears after composing an emotional song to use as his best man's speech . Daniel, 25, started off his speech in a mellow tone on the keyboard, singing of his love for his brother to the tune of Stay With Me, as his sibling began to well up at the top table. 'Guess it's true what they say that you become a man, when you find the one and you take her hand,' he sang. 'When you moved out of home, I thought, 'thank the Lord, I won't be missing you',' Mr Buccheri sang. Daniel toasted his brother Adrian (right) and his new wife Sarah (left) at their March 29 wedding in Melbourne using his voice . 25-year-old Daniel started off his speech in a mellow tone on the keyboard, singing of his love for his brother to the tune of Stay With Me, as his sibling began to well up at the top table . He goes on to document the day his brother Adrian met the love of his life and claims he 'thought he was dead' as he never saw him again. 'Then she found the ignition, got you to sweeping the kitchen, got you feeding the dogs doing the laundry and dishes,' he sang. 'And although you met on the internet I know this love is true. It's enough to let the dogs on the expensive rug and not kick them outside.' The unique speech performed by Daniel at Poet's Lane in Sherbrooke has been viewed over 100,000 times online . Daniel's speech documented his brother falling in love with Sarah, saying Adrian would mention her name in every conversation. 'It was Sarah this and Sarah that and I knew that he loved you,' he sang. He then turned to his new sister-in-law and told her she looks 'so great' on her wedding day and thanked her for making his brother so happy. 'Hey my new sister thanks for making him so happy all the time,' he sang. Daniel's speech documented his brother falling in love with Sarah, saying his brother would mention her name in every conversation . 'One day in the craziness you came along and he couldn't get you out of his head.' Desperately trying to hold back the tears, Adrian couldn't hide his emotions as Daniel began singing about their brotherly bond. 'Adrian now you've become a man, we're not the kids we used to be,' Daniel sang. 'Though we'd scream and fight as children, now I realise what you mean to me. 'I'm so proud of you and all you've done for me. 'Whether you realise or not I've always looked up to you.' Desperately trying to hold back the tears, Adrian couldn't hide his emotions as Daniel began singing about their brotherly bond . Speaking to the Herald Sun Daniel said he did not realise guests would react so strongly to his lyrics and claimed the room just melted away when he was performing. 'I didn't realise that when I wrote it but I think it's a bit too much of a rollercoaster for some people,' he said. 'I just wrote it as a speech but as I recorded it to listen back to it I started to realise that it had potential.' 'It was one of those moments where it was just me, Adrian and Sarah.'","Daniel Buccheri left guests at his brother's wedding in tears .
Mr Buccheri performed his best man's speech through song .
The song documented his brother Adrian and his new wife Sarah's story .
It also delved into their childhood leaving the groom filled with tears .","Daniel's speech documented his brother falling in love with Sarah, saying Adrian would mention her name in every conversation. Daniel's speech documented his brother falling in love with Sarah, saying his brother would mention her name in every conversation . 'Adrian now you've become a man, we're not the kids we used to be,' Daniel sang."," Melbourne singer Daniel Buccheri composed the tune to the popular music from artists such as Sam Smith and the Backstreet Boys . He toasted his brother Adrian and his new wife Sarah at their March 29 wedding using his voice . The unique speech performed by Daniel at Poet's Lane in Sherbrooke, east of Melbourne, has been viewed over 100,000 times online . Daniel's speech documented his brother falling in love with Sarah, saying his brother would mention her name in every conversation .",0.20952380952380953,0.21705426356589147
"They are Barcelona's golden boys and the unstoppable trio of Lionel Messi, Neymar and Luis Suarez have reached yet another milestone. The three stars now have a century of goals between them for the season after Barca's 6-0 demolition of Getafe on Tuesday night, a result that took them five points clear in La Liga. Messi scored twice, including one from the penalty spot, Suarez claimed two and Neymar also netted in the Nou Camp rout to take their culmulative tally to 102 in all competitions. Barcelona trio Luis Suarez (left), Neymar (centre) and Lionel Messi have scored 102 goals this season . Messi curls home Barcelona sixth goal against Getafe at the Nou Camp on Tuesday night . Neymar controls the ball surrounded by Getafe defenders during Tuesday's match . Luis Suarez fires home Barcelona's second goal in their rout of Getafe . The breakdown of all goals scored by Messi, Neymar and Suarez this season. Stats courtesy of Opta . It means, Argentine wizard Messi now has 49 goals for the season, Brazilian hero Neymar has 32 and summer signing Suarez has 21. It is a testament to Barca's legendary ability to unlock defences that all but nine of the 102 goals scored by these three have come inside the box. Messi's ambidextrousness is shown by his 30 left-footed goals and 15 right-footed, plus four headers. His total include six penalties and two free-kicks. Messi and Neymar high-five during the six-goal demolition of Getafe . Luis Suarez, Neymar Jnr and Lionel Messi pose for a picture in the dressing room after dismantling Getafe . Barcelona's emphatic win, which boosts their Liga goal difference to an impressive +78, heaped the pressure on rivals Real Madrid ahead of their home match with Almeria on Wednesday. Messi does, however, require one more goal to match the total scored by his great rival Cristiano Ronaldo this season.","Lionel Messi, Neymar and Luis Suarez have 102 goals this season .
They reached the landmark in Barcelona's 6-0 win over Getafe .
Messi and Suarez both scored twice at Nou Camp, Suarez once .
READ: Barcelona pupils keen to teach Pep Guardiola a lesson .
6-0 win put Barcelona five points clear and piled pressure on Real Madrid .","Barcelona trio Luis Suarez (left), Neymar (centre) and Lionel Messi have scored 102 goals this season . The breakdown of all goals scored by Messi, Neymar and Suarez this season. Messi and Neymar high-five during the six-goal demolition of Getafe ."," Lionel Messi, Luis Suarez and Neymar have scored 102 goals for Barcelona this season . Messi scored twice in 6-0 win over Getafe at Nou Camp on Tuesday night . Neymar Jnr also netted in the Nou Camp rout to take their tally to 102 . Messi now has 49 goals for the season, Neymar 32 and Suarez 21 . Messi needs one more goal to match Cristiano Ronaldo's goal tally .",0.24242424242424238,0.3149606299212599
"A woman who died suddenly was eaten by her pet dogs after her body lay undiscovered for days, an inquest was told. Noelle Baynham was found by a close friend who let himself in after she failed to answer the door. The body had been partially eaten by the Jack Russell and Staffordshire Bull Terrier, which are initially thought to have tried to wake her before becoming desperate for food. It is believed the 61-year-old from Winchester, Hampshire, collapsed and died following an accidental overdose of medication. Eaten: Noelle Baynham's dogs started to eat her remains after being locked in the house for days. The most likely cause of death was an accidental overdose, an inquest was told . However a pathologist could not determine the exact cause of death because the dogs, who were trapped in the house, ate parts of her vital organs. Concerned friend Grant Donovan made the 'horrific' discovery of her remains after nobody answered the front door at her home. He told the inquest that he could hear her two dogs barking and jumping behind the door and became concerned that there did not appear to be anyone in with them. Finding the back door unlocked, he entered the house where he said the floors were covered in dog faeces. Walking through, he then discovered Ms Baynham's body lying on the landing. 'This was the most horrifying thing I have ever seen,' he told the inquest. 'I could not look at her long, so I just came away and called 999.' Detectives who searched the house following the grim discovery, on January 17 this year, could find no evidence of a struggle or foul play. The hearing was told how former jeweller Ms Baynham was found was in her dressing gown and had run a bath just before her death. Pets: A Staffordshire Bull Terrier (left) and Jack Russell (right) like the ones owned by Noelle Baynham . Detective Constable Wesley Arnold from Hampshire Police told the coroner that scratch marks on her chest indicated that her dogs may have tried to wake her after she collapsed. Home Office pathologist Dr Amanda Jeffery reaveled that she had probably died 'a few days' before she was found, but because the dogs had eaten her organs it was impossible to establish exactly what had killed her. The 'combined effect' of a variety of drugs found in her system was likely to have been the cause of an accidental overdose, she added. The hearing was told that Ms Baynham suffered from bipolar disorder and chronic alcoholism and was prescribed a variety of medication. Blood tests found a range of drugs in her system including potentially toxic levels of painkillers. Recording an open verdict, senior central Hampshire coroner Grahame Short ruled that there was no evidence of suicide or an accidental fall, but said Ms Baynham may have had a stroke. 'The horrific element in this case is what happened after death rather than before, and it's entirely plausible that when there are dogs in the house with no one to care for them, that they will then start to eat her remains. 'That clearly was a major hindrance to Dr Jeffery in her examination, and as she's explained, she was not able to look at her important organs and she could not establish a clear cause of death. 'I have to say there's no sign to say this was a deliberate overdose. There can come a point where [the drug level over time is] just too high and one pill too many can tip over the balance.' The dogs were subsequently put down on the advice of police officers.","Jack Russell and Staffordshire Bull Terrier were trapped in house .
Believed they tried to wake her before eating parts of her remains .
Coroner heard likely cause of death was from accidental overdose .
Both dogs have now been destroyed on the advice of police .","A woman who died suddenly was eaten by her pet dogs after her body lay undiscovered for days, an inquest was told. Eaten: Noelle Baynham's dogs started to eat her remains after being locked in the house for days. The most likely cause of death was an accidental overdose, an inquest was told .", Noelle Baynham was found by a close friend who let himself in after she failed to answer the door . The 61-year-old's body lay undiscovered for days after being locked in the house . The dogs were thought to have tried to wake her before becoming desperate for food . Pathologist could not establish cause of death because the dogs ate organs . Coroner ruled there was no evidence of suicide or an accidental fall .,0.2268041237113402,0.20512820512820512
"A predatory convicted paedophile with an obsession with young girls has gone on the run after vanishing from a psychiatric unit. Stephen Munden, 54, described as having a 'fanatical obsession' with small girls after he targeted a toddler on a bus, has been missing since 6.15pm on Tuesday and was last seen leaving a hospital, near Hook, Hampshire. Now officers have launched a manhunt to find Munden  - who was detained under the Mental Health Act after sexually touching the three-year-old girl. A predatory convicted paedophile with an obsession with young girls has gone on the run after vanishing from a psychiatric unit. Stephen Munden, 54, (pictured with and without a beard) was last seen leaving a hospital, near Hook, Hampshire . He is described as about 5ft 8ins tall, of a heavy build, and has dark hair. Officers said they believed that Munden, who suffers from learning difficulties, may have shaved off his beard before leaving the hospital in Winchfield and have released images of him with both facial hair and a clean shave. He was detained at the private facility under a hospital order following his sentence last August for sexual offences. Munden was convicted of sexually touching a child under the age of 13. A court heard he deliberately sat near a three-year-old girl and stroked her hand with his finger - in full view of the child's mother and grandmother. Munden, formerly of Marchwood, near Southampton, denied the offence, claiming it was accidental when he appeared at Southampton Crown Court. During the sentencing David Jenkins, prosecuting, told Judge Peter Henry that the defendant had admitted ten unrelated offences of possessing or attempting to possess indecent images of children. The court heard he had been arrested after using one of the public computers at Hythe library in an attempt to download images. Mr Jenkins said children's clothes, books and dolls were found at Munden's home and added: 'He has a fanatical obsession with young girls.' A court heard he deliberately sat near a three-year-old girl and stroked her hand with his finger - in full view of the child's mother and grandmother. Munden, formerly of Marchwood, near Southampton, denied the offence, claiming it was accidental when he appeared at Southampton Crown Court . Consultant physiatrist John O'Shea said the defendant was autistic and also suffered from mild learning difficulties. He added that Munden had difficulty controlling his sexual interest in small children but the girl on the bus was probably unaware of his intentions. Keely Harvey, in mitigation, said: 'He did not accept that he deliberately touched the child's hand.' But the judge said 'the move from non-contact offences to a contact offence is significant' and he was made the subject of a hospital order. Detective Chief Inspector Tim Rowlandson said: 'We are extremely keen to hear from anyone who has seen this man since yesterday evening or knows where he might be. 'Mr Munden is subject to a hospital order after being convicted and sentenced for sexual offences and also suffers from learning difficulties, so we need to know where he is as a matter of urgency.'","Stephen Munden, 54, has absconded from hospital, near Hook, Hampshire .
He was described as having a 'fanatical obsession' with small girls .
Munden was convicted of sexually touching a child under the age of 13 .
The sex offender may have shaved off his thick beard, police say .","Stephen Munden, 54, described as having a 'fanatical obsession' with small girls after he targeted a toddler on a bus, has been missing since 6.15pm on Tuesday and was last seen leaving a hospital, near Hook, Hampshire. A court heard he deliberately sat near a three-year-old girl and stroked her hand with his finger - in full view of the child's mother and grandmother. A court heard he deliberately sat near a three-year-old girl and stroked her hand with his finger - in full view of the child's mother and grandmother."," Stephen Munden, 54, described as having a 'fanatical obsession' with small girls . He has been missing since 6.15pm on Tuesday and was last seen leaving a hospital, near Hook, Hampshire . Munden was detained under Mental Health Act after sexually touching a three-year-old girl . Officers have released images of him with both facial hair and a clean shave .",0.23943661971830985,0.3584905660377358
"A  photographer captured an intimidating site as he parachuted off the coast of south Florida last week. Photographer John Massung was flying over Sebastian Inlet on Thursday when he saw hundreds of sharks swarming just 100 feet from the beach. Massung says he flew for about a mile down the shore and that the hordes of sharks never ended. A fellow photographer was even further out and saw the same scene. Worst nightmare: A swarm of sharks was spotted off the coast of south Florida last Thursday . Stay out of the water: When the following pictures were posted to Facebook, users theorized that the swarm was a mix of Blacktip and Spinner sharks . Swarm: Blacktip and Spinner sharks migrate each year to breed in shallower waters . 'It looked like they had traveling in mind. They were heading north,' Massung told NBC Miami. Since he wasn't certain what kind of shark was gathering south of the inlet, Massung posted the photos to the Indian River by Air Facebook page to see if any experts could offer some enlightenment. Most responded that the sharks looked like either Blacktips or Spinners, which migrate this time of year to breed. The picture had been shared more than 2,000 times by Sunday. Massung says the sharks were still out in the water on Friday, but the conditions weren't clear enough to photograph the scene. Hunting grounds: Above, a stock image of a Blacktip shark, one of the species of shark thought to be seen in the pictures taken Thursday near Sebastian Inlet .","John Massung witnessed the scene Thursday as he was parachuting near Sebastian Inlet .
The sharks pictured swarming 100 feet off the beach are thought to be Blacktip or Spinners - which migrate this time of year to breed .",Photographer John Massung was flying over Sebastian Inlet on Thursday when he saw hundreds of sharks swarming just 100 feet from the beach. Worst nightmare: A swarm of sharks was spotted off the coast of south Florida last Thursday . Swarm: Blacktip and Spinner sharks migrate each year to breed in shallower waters .," Photographer John Massung was flying over Sebastian Inlet on Thursday when he saw hundreds of sharks swarming just 100 feet from the beach . Massung says he flew for about a mile down the shore and that the hordes of sharks never ended . Users theorized that the swarm was a mix of Blacktip and Spinner sharks, which migrate this time of year to breed .",0.3820224719101124,0.42
"It may have been Miley Cyrus' pink heart-shaped nipple pasties that garnered all the attention when she paid honour to rocker Joan Jett on Saturday, but eagle-eyed fans were distracted by something else. Savvy social media users noticed that the 22-year-old, who attended the 30th Annual Rock And Roll Hall Of Fame Induction Ceremony on Saturday in Cleveland, Ohio, had given her razor a night off. Miley, 22, who is known and loved for her controversial sartorial choices, displayed a somewhat bushy underarm region as she posed for a social media snap. Scroll down for video . Miley Cyrus posed for a social media snap ahead of the 30th Annual Rock And Roll Hall Of Fame Induction Ceremony on Saturday in Cleveland, Ohio... and it appears that she had given her razor a night off . One user, Hayley Mashteare, commented: 'Miley Cyrus doesn't shave her armpits and that worries me', while Gucci Girl said that star's armpit hairs were 'freaking her out'. Jennifer Sidlow chimed in: 'Don't care how feminist/hippy you are, having armpit hair like Miley Cyrus is just no'. One fan account added: 'Armpit hair is disgusting, please shave Miley Cyrus.' Miley Cyrus bares her armpits as she speaks onstage during the 30th Annual Rock And Roll Hall Of Fame Induction Ceremony at Public Hall on Saturday . Miley's somewhat bushy underarm area caused quite a stir on social media where many users advised Miley to pick up a razor and shave . Some users leapt to her defence, with El adding: 'Why do people even care that Miley Cyrus has armpit hair? Like wow imagine that, a human with hair! How gross!' A lot of users didn't understand why people were 'freaking out' over the singer's armpit hair, with Charlie saying: 'Miley Cyrus' armpit hair isn't ""hideous"", we all see men's armpit hair but that's apparently acceptable because they're men. Please shut up' Of course, loyal fans sprung to her defence. One, named Abi, tweeted: 'Stop telling @MileyCyrus to shave her armpits? She's a woman. She doesn't have to do what you say! There is nothing wrong with body hair.' Stephanie added: 'People are losing their minds over Miley Cyrus not shaving her armpits.. how can hair offend you? It's hair...' El jumped in: 'Why do people even care that Miley Cyrus has armpit hair? Like wow imagine that, a human with hair! How gross!'. Whilst Miley's personal grooming habits caused a social media stir, she isn't the first - and probably won't be the last - to shun her razor in favour of the fuzz. Scout Willis is also more than happy to show off her armpit hair on the red carpet and in her social media snaps. The 23-year-old daughter of Demi Moore and Bruce Willis has been seen working out with her armpit hair on show . Scout  appeared to have grown out her underarm hair for an exhibition in February . Scott's underarm hair was on display in a recent social media snap with her friends . Scott Willis, for one, isn't a fan of shaving - and prefers to embrace her underarm hairs. Scout is well-known as the voice of Free The Nipple, which campaigns for women's body rights, and is more than happy to show off her armpit hair on the red carpet and in her social media snaps. The 23-year-old daughter of Demi Moore and Bruce Willis has been seen working out with her armpit hair on show, as well as when out and about with her pals. One picture, which was taken during a fitness session with sisters Rumer, 26, and Tallulah, 20, ignited debate on Tallulah's social media page, with one Instagram follower writing: ‘Pit hair is just ugly and stinky.’ And she found support from a fan who responded: ‘Be comfortable in your own skin and do your thing girls!! As a mom of 3 daughters myself that's all I've got to say!’ Another follower added: ‘Guys open your minds! We are not all made the same way!’ Madonna, Pixie Lott, Juliette Lewis and Julia Roberts have all famously tried the carefree look, too. Julia Roberts revealing an unshaved armpit at the premiere of Notting Hill in 1999, left, and Madonna showing off some serious underarm hair, which social media users pointed out could well be fake . Pixie Lott appeared to have taken beauty tips from Julia Roberts as she forgot to shave her armpits ahead of The Dark Knight Rises premiere in London in 2012, left, while Juliette Lewis shows off her version of the au natural look at a party .","Miley, 22, ditched razor for rock event on Saturday .
Her followers were divided in opinion over her unshaven armpits .
Julia Roberts, Pixie Lott and Scout Willis have all bared their armpit hair .","One fan account added: 'Armpit hair is disgusting, please shave Miley Cyrus.' Some users leapt to her defence, with El adding: 'Why do people even care that Miley Cyrus has armpit hair? It's hair...' El jumped in: 'Why do people even care that Miley Cyrus has armpit hair?"," Miley, 22, displayed a somewhat bushy underarm region as she posed for a social media snap . One user said that star's armpit hairs were 'freaking her out' But loyal fans sprung to her defence, saying: 'She's a woman. She doesn't have to do what you say'",0.1234567901234568,0.1481481481481481
"Tens of millions of people in China marked the annual 'Tomb Sweeping Festival' this weekend by travelling home to their ancestral villages. Families across the country descended on graveyards to clean their tombs of the deceased and honour their loved ones, burning fake paper money and leaving their favourite food and drink to ensure they are not poor or hungry in the afterlife. As part of the Qingming Festival – which means 'pure brightness' – China celebrates the coming spring and the beauty of nature, says People’s Daily Online. A grand and colourful ceremony was held in honour of the 'Yellow Emperor' Huangdi in Huangling County, Shaanxi Province . Huangdi is considered the ancestor of the Qingming Festival which sees the Chinese mark the start of spring with outdoor celebrations . Lines of dancers take to the stage as part of the celebration, which was watched by thousands of people during the public holiday . Around 1.3 billion Chinese people marked the Qingming Festival, a three-day holiday in China, by watching parades and travelling home . Traditional Chinese dancers wear intricate gowns as they swirl and dance in the sunshine during the celebrations in the city of Huangi . An actor dressed as a soldier takes a break from the celebration to check his phone . In Shaanxi Province, a huge outdoor celebration was held as part of the Qingming Festival and in honour of the 'Yellow Emperor' Huang Di, considered the founding father of the Chinese nation. A bell was rung from the top of the city's temple, while the drums were struck 34 times, one for each of China's provinces including Hong Kong, Macao, and Taiwan. The festival falls in the first week of April every year, and is one of the 24 Chinese solar terms - the date from which temperatures rise, rainfall increases and marks an important time for the land to be prepared for the sowing of seeds. Hundreds of visitors filmed the celebrations on their smart phones, as a colourful inflatable dragon dances in the sky. It is said that the Yellow Emperor Huang Di did not die, but instead ascended into heaven on the back of a dragon - making the creature a Chinese symbol . Participants carry platters of fruit as part of the ceremony in the central China, which had hundreds of dancers and performers . Huangdi, the Yellow Emperor, is a legendary Chinese sovereign in the culture, a powerful symbol of the Qing dynasty that ruled 1644-1912 . A young performer casts a smile on a guard, as she fixed her hair during the Qingming festival celebrations . Dancers make offerings to the water in a service at the Duijang Dam for Qingming - praying for favourable weather for their crops . Opinion on the origins of the festival differ, but it can be traced back to the Tang Dynasty which ruled China between 618 and 907. While millions of Chinese people made the trip to their ancestral villages, opportunistic traders took advantage of some people's inability to make the visit - advertising 'tomb sweeping packages' which include weeping, praying and cleaning. Depending on the package, costing between 100 yuan and 1,300 yuan, the buyer receives a commemorative photo of the occasion. A record-breaking 36.5 million passenger trips were made over the weekend and public holiday - up 5.8 per cent on last year and an all-time high. The rise is partially due to the construction of new railways in recent years, particularly high-speed railway, say commentators. A couple pray as they burn paper money during Qingming. The traditional practice is to ensure the dead are comfortable in the afterlife . A puff of smoke floats above the tomb as a woman burns paper money for her ancestor, while cleaning around the grave in Shanghai . More than a billion Chinese people went back to their ancestral villages to visit and tidy the graves of their ancestors for the public holiday . Primary school students in Red Army uniforms clean tombs at a Martyrs' Cemetery ahead of the Qingming Festival in Yecheng, Xinjang . Survivors and victims of the Nanjing Massacre carry flowers and mourn the deceased as part of 'Tomb-Sweeping Day' in China . The young children stand to attention and pay their respects to the deceased in the Martyrs' Cemetery in Yecheng .","Millions of Chinese enjoy the Qingming Festival - 'Pure Brightness Festival' - to celebrate the coming spring .
Last day of festival sees Chinese families visit their ancestors' graves to clean, burn paper money and pray .
Record number of journeys made by Chinese over the three-day public holiday, which falls in April every year .","Tens of millions of people in China marked the annual 'Tomb Sweeping Festival' this weekend by travelling home to their ancestral villages. Around 1.3 billion Chinese people marked the Qingming Festival, a three-day holiday in China, by watching parades and travelling home . In Shaanxi Province, a huge outdoor celebration was held as part of the Qingming Festival and in honour of the 'Yellow Emperor' Huang Di, considered the founding father of the Chinese nation.", Tens of millions of Chinese people travelled home to their ancestral villages to clean their tombs of the deceased and honour their loved ones . Qingming Festival – which means 'pure brightness' - marks the start of spring with outdoor celebrations . A record-breaking 36.5 million passenger trips were made over the weekend and public holiday - up 5.8 per cent on last year and an all-time high .,0.18749999999999997,0.2857142857142857
"A Church of Scientology-backed organization is facing a bizarre land use battle over its plans to turn a patch of secluded in woods near the presidential retreat Camp David into a drug rehab center. Lawyers hired by drug rehab network Narcocon have argued that Trout Run, a property in Frederick County, Maryland, has historic significance because President Herbert Hoover once caught a fish at the site. Opponents view the proposed designation as a trick to circumvent current zoning laws for the 40-acre plot of land and create a drug rehabilitation program that some call dangerous. Narcocon, a Church of Scientology-affiliated drug rehab network, is trying to prove that a patch of land near Camp David is historic enough so that they can build a center for twelve patients . A Scientology-back real estate company bought Trout Run for $4.85million in 2013, and has been trying to change its land designation so that it can build a center that uses saunas and vitamin therapy for addicts . Narcocon, which uses sauna sessions and the teachings of Scientology founder L. Ron Hubbard, has been sued in the past for wrongful deaths. It has denied wrongdoing. The group's treatment program claims that megadoses of the vitamin Niacin and spending five hours a day in a sauna for a month eliminates addiction cravings that are stored in the body's fat cells. Treatments at the center can cost more than $30,000 per month and typically last for as long as six months. Narcocon officials, who run more than 120 centers around the world, deny that the program tries to convert addicts to Scientology, though the group prominently features a quote from Hubbard on its website. The organization says that is focused on a secular approach to helping people overcome addiction. Its Maryland center would house 12 patients, with eight staff living there and eight living off-site. However, the current zoning laws for Trout Run, which includes a collection of stone cottages, classify it for resource conservation and do not permit any medical purpose for the site, according to the Washington Post. Though Narcocon says that it is non-religious and does not try to convert people to Scientology, its website features the religion's founder L Ron Hubbard (pictured) prominently . Placing the property on the county register of historic places would allow Narconon to conduct its program. The rehabilitation program was founded in 1966 and is based on the teachings of Scientology's founder L. Ron Hubbard. Narconon claims it is a non-religious, non-profit, non-medical . rehabilitation program with patients around the world. Its methods include . spending up to five hours a day in a sauna for 30 days straight and mega . doses of the vitamin Niacin. The hypothesis underlying the program is . that drugs and their metabolites are stored in the body's fatty tissues . for years, causing the addict's cravings when partially released later . on. But these can be flushed out through a regimen comprising elements such as . exercise, sauna and intake of high doses of vitamins, according to the facility's methods. This hypothesis does not enjoy . mainstream acceptance, and researchers and practitioners tend . to discount Narconon due to its connection with Scientology. No independent study that has not been funded by the center exist to confirm the supposed efficacy of its treatment, which has repeatedly been cited as curing 75 per cent of addicts. Since its establishment, it has faced considerable controversy over the . safety and effectiveness of its rehabilitation methods and the . organization's links to the Church of Scientology. Fees can sometimes reach more than $30,000 per month and centers bring in millions of dollars a year from patients. An aide of Herbert Hoover bought the property in the late 1920s and the president went on fishing trips there,  the Frederick News Post reported. Narcocon hired a consultant whose history of Trout Run said that Hoover 'reeled in a fine one-and-one-half pound trout' during a visit. 'No President was born or died there. No epic battles were won or lost, no proclamations penned, no foreign dignitaries lodged and feted,' local drug counselor Kristin Milne-Glasser wrote in opposition to the historic designation. She said that the area merits a roadside plaque at most. President Dwight Eisenhower and other Washington elites also fished at Trout Run during his time in office. Frederick County's Historic Preservation Commission ruled that the site is eligible to be voted onto the register because of its early 20th century architecture. Social Betterment Properties International, a real estate company tied to Scientology, bought the land in 2013 for $4.85million from a government official who had long been trying to sell it. Narconon has been working on building its center since. County councilors delayed voting on the measure two weeks ago so they could have more time to review the proposal and plan to grant or deny approval on Tuesday. Beyond questions of history, opponents to the rehab center have cited safety concerns about the mysterious organization being so close to Camp David and Narcocon's alleged checkered past. Celebrity Scientologists such as John Travolta and Tom Cruise have repeated Narconon's message about how it saves 75 per cent of addicts. Trout Run was first built and developed by an aide of President Herbert Hoover (right) in the late 1920s. It is located in a woods several miles from presidential retreat Camp David (left during G8 Summit in 2012) Trout Run in Maryland was used for fishing by President Hoover (right) and President Dwight Eisenhower (left) during their times in office (file photo, Colorado, 1954) However, the organization previously lost its license  in Georgia after the death of  28-year-old former Marine Patrick Desmond, who was being treated for alcoholism but died after allegedly trying heroin for the first time while in treatment. Previous deaths at Narcocon include three young people who  died within a year at a flagship Oklahoma facility, according to NBC. Hilary Holten, 21, was found dead in her bed at the center in April 2012 of unknown causes. Stacy Murphy, 20, died of an oxymorphone overdose in July. Gabriel Graves, a 32-year-old father of two, died of unknown causes in October 2011. Narconon denied responsibility for any patient deaths. The group's Arrowhead in Oklahoma was estimated to have brought in $10.88million in revenue in 2011. The group has already approached the Maryland Department of Health and Mental Hygiene about acquiring a license for its facility but has not filed an application. Its website says it currently runs 16 centers in the United States, though the only one on the East Coast is in Massachusetts. Narcocon and its rehab network have attracted criticism from residents in western Maryland for its checkered past, though celebrities such as Tom Cruise (pictured, 2004) endorse it . A Narcocon center in Oklahoma became the center of widespread scrutiny after the death of three people within a year, including 21-year-old Hilary Holten (right) and 20-year-old Stacy Murphy (left)","Scientology-connected Narconon wants to build center at Trout Run .
Land use laws mean that it must prove site is historic in order to have a medical facility on the land in Frederick County .
Scientology-affiliated real estate company bought land for $4.8million .
Group contends land is significant because Herbert Hoover fished there .
Organization has been criticized after string of mysterious deaths at centers that use saunas and megadoses of Niacin to treat drug addicts .","Lawyers hired by drug rehab network Narcocon have argued that Trout Run, a property in Frederick County, Maryland, has historic significance because President Herbert Hoover once caught a fish at the site. Narcocon, a Church of Scientology-affiliated drug rehab network, is trying to prove that a patch of land near Camp David is historic enough so that they can build a center for twelve patients . The group's treatment program claims that megadoses of the vitamin Niacin and spending five hours a day in a sauna for a month eliminates addiction cravings that are stored in the body's fat cells."," Lawyers hired by drug rehab network Narcocon have argued that Trout Run, a property in Frederick County, Maryland, has historic significance because President Hoover once caught a fish at the site . Opponents view the proposed designation as a trick to circumvent current zoning laws for the 40-acre plot of land and create a drug rehabilitation program that some call dangerous . Narcocon, which uses sauna sessions and the teachings of Scientology founder L. Ron Hubbard, has been sued for wrongful deaths .",0.20224719101123598,0.20382165605095542
"Such has been the volatility at the top of the Championship this season that predicting future outcomes has proved a futile exercise, but what is certain is that Middlesbrough hold the aces. With just four weeks remaining, Aitor Karanka's team are top of a division that has witnessed the leadership change hands 15 times. Seven points separate eight teams with six matches to play but Boro know if they keep winning, they cannot be caught. Their buffer over second-placed Bournemouth is a point with Watford, their opponents on Monday, and Norwich a point further back. Patrick Bamford (left) of Middlesbrough celebrates his goal against Wigan with his team mates . Another advantage for the Teesside club is that their contest at Vicarage Road is a lunchtime kick-off. As they discovered on Good Friday, when they triumphed over relegation-threatened Wigan, stealing a march can have a psychological effect. Previous leaders Bournemouth and 10-man Watford could only draw, at Ipswich and Derby respectively, in the evening matches. 'It definitely puts pressure on other teams, like Watford and Bournemouth found on Friday night,' said Boro defender Ben Gibson. 'It gives us a few more hours to recover when the turnaround for games is short and sharp, as well. Monday will be the same, big style.' Watford's 18-goal striker Odion Ighalo intends to have a say in what happens next. Ighalo helped Granada reach La Liga in 2011 and admits he only signed for Watford to play in the English top flight. Odion Ighalo rescued a point for Watford with this equaliser against fellow promotion hopefuls Derby . Bournemouth have been this season's surprise package and led the Championship for 101 days . 'I came to Watford not because I want to play in the Championship but because I have the opportunity to be in the Premier League,' he said. 'Our fans have to scream from the start to the end. I know by God's grace we are going to win that game at home.' Such is the precarious nature of the promotion race, however, that the division could have a completely different top two on Monday evening if Watford and Norwich, who host mid-table Sheffield Wednesday, win and Bournemouth fail to secure three points against Birmingham. With the stakes so high it is perhaps understandable that Karanka is hoping Jonathan Woodgate, his experienced captain, can continue to play through the pain. He missed the recent defeat at Bournemouth due to his broken toe but returned against Wigan. Crucially, each of the defender's five appearances this season, and eight of his last nine, have resulted in wins. Alex Neil (left) has impressed since taking over at Norwich and the Canaries remain in contention at the top . Derby led the way earlier in the season but have now not won in seven games under Steve McClaren . Derby, meanwhile, have seemingly forgotten how to win. Seven games without victory has seen them slump to sixth but Steve McClaren insists he will not sacrifice his principles. McClaren, who takes his team to Wigan, said: 'I don't want to put 10 defenders on and kick the ball long and not play our football. We have a certain way of playing, a certain style, which has got us where we are.' The eighth side in the division are Wolves, who have the most potent striker in 28-goal Benik Afobe, signed from Arsenal for £2million in January. Afobe has made himself instantly at home and has Leeds in his sights today. Final word to the English forward: 'Every time we go into the changing room we see everyone else has won.' Welcome to the Championship rat race. Additional reporting: Laurie Whitwell and Janine Self .","The race for promotion from the Championship is set to go to the wire .
The top four teams in the second tier are separated by just two points .
The next four sides in the table are covered by a single point .
Bournemouth spent 101 days at the top - the longest this season .","Such is the precarious nature of the promotion race, however, that the division could have a completely different top two on Monday evening if Watford and Norwich, who host mid-table Sheffield Wednesday, win and Bournemouth fail to secure three points against Birmingham. Derby led the way earlier in the season but have now not won in seven games under Steve McClaren . McClaren, who takes his team to Wigan, said: 'I don't want to put 10 defenders on and kick the ball long and not play our football."," Middlesbrough are top of the Championship with just four weeks remaining . Seven points separate eight teams with six matches to play but Boro know if they keep winning, they cannot be caught . Bournemouth and Watford drew 1-1 with Ipswich and Derby on Friday night . Odion Ighalo admits he only signed for Watford to play in the Premier League .",0.14184397163120566,0.12612612612612614
"Aston Villa may be gearing up for an FA Cup semi-final clash against Liverpool on Sunday, but that didn't stop manager Tim Sherwood having some fun during a press conference on Friday. Sherwood showed his softer side during the week when he replied to a letter from six-year-old fan Charlie Pye who had applied for the Villa hotseat after Paul Lambert was sacked in February. The Villa youngster wanted a chocolate bar as a win bonus and would have agreed terms for a signed claret and blue football, a WWE wrestling figure and some sweets - and Sherwood had some fun on Friday as he revealed his 'win bonus' to the assembled media. Tim Sherwood was quizzed about his letter to young Aston Villa fan Charlie Pye on Friday . Sherwood revealed his 'win bonus' to the assembled media in reference to Pye's letter . 'He (Charlie) wrote to the club...he applied for the job when Paul left and I managed to just pip him to the post,' Sherwood joked. 'I wrote to him and just said no hard feelings...just unlucky, maybe next time for you. 'He said that he wanted his mum and dad to be the assistant managers and the win bonus would be sweets and chocolate.' Sherwood then reached down under the desk to reveal a Twix multi-pack. 'He sent me these this morning for my win bonus at Tottenham, so I thank you Charlie for that.' Pye applied for the role when Paul Lambert was sacked but was pipped to the post by Sherwood .","Tim Sherwood took time to reply to Aston Villa fan Charlie Pye .
The six-year-old applied for the Villa job when Paul Lambert was sacked .
Aston Villa face Liverpool at Wembley on Sunday .","The Villa youngster wanted a chocolate bar as a win bonus and would have agreed terms for a signed claret and blue football, a WWE wrestling figure and some sweets - and Sherwood had some fun on Friday as he revealed his 'win bonus' to the assembled media. Tim Sherwood was quizzed about his letter to young Aston Villa fan Charlie Pye on Friday . Sherwood revealed his 'win bonus' to the assembled media in reference to Pye's letter .", Tim Sherwood was quizzed about his letter to young Aston Villa fan Charlie Pye on Friday . Pye applied for the role when Paul Lambert was sacked in February . Sherwood revealed his 'win bonus' to the assembled media in reference to Pye's letter . The youngster wanted a chocolate bar as a win bonus and would have agreed terms for a signed claret and blue football .,0.16071428571428573,0.32323232323232326
"Documented and undocumented immigrant population in the United States could reach a record high of 51million in just eight years, according to U.S. Census figures. And by 2060, immigrants could account for 82 per cent of all population growth in the country. One in seven U.S. residents will be an immigrant by 2023, the report from the Center for Immigration Studies (CIS) said. Documented and undocumented immigrants in the United States could reach a record high in the United States by 2023, when their share of the population could hit 14.8 per cent . That number could rise to one in five by 2060, when immigrant population reaches 78 million. This report comes as President Barack Obama is trying to use executive powers to expand Deferred Action for Childhood Arrivals (DACA) and Deferred Action for Parents of Americans and Lawful Permanent Residents (DAPA) policies. Net immigration will steadily increase over the next 45 years, totaling at 64million . Without no change in current immigration policy, by 2023 the total immigrant population in the United states will reach 14.8 per cent, the highest ever recorded in American history . Immigration population will grow almost four times faster than native-born population and will reach 15.8 per cent of the nation's population by 2030, 17.1 per cent by 2040 and 18.8 per cent by 2060 . In 1990, immigrants accounted for just 7.9 per cent of U.S. population . U.S population could grow to 417million by 2016. In 2010 the population was 306million . Without a change to immigration policty, immigrants who arrive in the future and their descendants could account for three quarters of future U.S. population . Center for Immigration Studies . This could potentially exempt about five million undocumented immigrants from deportation. And with the surge in immigrant population, Republican presidential candidates have to figure out what their stance is on the subject as potential new policies could be established. CIS director of research Steven Camarota said that the growth in immigrant population has 'important implications for workers, schools, infrastructure, congestion and the environment'. 'They also may have implications for our ability to successfully assimilate and integrate immigrants,' he added. 'Yet there has been almost no national debate about bringing in so many people legally each year, which is the primary factor driving these numbers.' Currently there are approximately 12million undocumented immigrants in the United States and 70,000 more are expected to cross the border this year, according to the Washington Examiner. There are also more than 4.4million people on a U.S. State Department green card waiting list. And within years, Immigration population will grow almost four times faster than native-born population. From a starting point of 2010, immigration population will reach 15.8 per cent (57million) of the nation's population by 2030, 17.1 (65million) per cent by 2040 and 18.8 per cent (78million)  by 2060. Immigrants and their descendants will account for 75.5 per cent of the nation's population growth between 2010 and 2050 and 82 per cent of growth between 2010 and 2060. By 2060, immigrants and their descendants will account for 82 per cent of the nation's population growth since 2010 . President Barack Obama is trying to use executive powers to expand immigration policies, which could potentially exempt about 5million undocumented immigrants from deportation . Alabama Rep. Sen. Jeff Sessions, who has been a leader in the immigration debate, said in a letter to the New York Times on Saturday that an increase of immigrants in the country will hurt the middle class. He wrote: 'It defies reason to argue that the record admission of new foreign workers has no negative effect on the wages of American workers, including the wages of past immigrants hoping to climb into the middle class. 'Why would many of the largest business groups in the United States spend millions lobbying for the admission of more foreign workers if such policies did not cut labor costs?' Key business leaders form a group association with former New York Mayor Michael Bloomberg and members of the U.S. Chamber of Commerce are meeting on Friday to discuss expanding immigration. The meeting it titled 'Understanding and Improving the High-Skilled H-1B Visa Program', according to the examiner. Republican leaders, particularly those running in the presidential race for 2016, have to figure out what their stance is on the subject as potential new policies could be established .","Documented and undocumented immigrant population in the United States could reach a record high of 51million in just eight years .
President Barack Obama is trying to use executive powers to expand immigration policies in the United States .
Changes could exempt 5million undocumented immigrants from deportation .
Republican presidential candidates have to figure out what their stance is on the subject as potential new policies could be established .","Immigration population will grow almost four times faster than native-born population and will reach 15.8 per cent of the nation's population by 2030, 17.1 per cent by 2040 and 18.8 per cent by 2060 . Immigrants and their descendants will account for 75.5 per cent of the nation's population growth between 2010 and 2050 and 82 per cent of growth between 2010 and 2060. By 2060, immigrants and their descendants will account for 82 per cent of the nation's population growth since 2010 ."," One in seven U.S. residents will be an immigrant by 2023, the report from the Center for Immigration Studies said . That number could rise to one in five by 2060, when immigrant population reaches 78 million . Immigration population will grow almost four times faster than native-born population . Net immigration will steadily increase over the next 45 years, totaling at 64million .",0.11538461538461538,0.109375
"Despite the hype surrounding its first watch, the iPhone is still the engine behind Apple's phenomenal success, its latest figures have revealed. The results far surpassed most analysts' expectations for the first three months of the year, when sales traditionally fall from their holiday-season peak. Apple sold more than 61 million iPhones in the quarter, accounting for more than two-thirds of its $58 billion in revenue for the quarter and the lion's share of its $13.6 billion in profit - and up 40% from a year ago . Sales of iPhones in China were also revealed to have outstripped those in the US. Apple sold more than 61 million iPhones in the quarter, accounting for more than two-thirds of its $58 billion in revenue for the quarter and the lion's share of its $13.6 billion in profit. $58 billion in revenue, $13.6 billion in profit . $200 billion in cash, up from around $150 billion a year ago. More than 61 million iPhones sole . iPad revenue fell 29% to $5.4 billion . Revenue from Mac computers rose 2%from a year earlier, to $5.6 billion . 'We are thrilled by the continued strength of iPhone, Mac and the App Store, which drove our best March quarter results ever,' said Tim Cook, Apple's CEO. 'We're seeing a higher rate of people switching to iPhone than we've experienced in previous cycles, and we're off to an exciting start to the June quarter with the launch of Apple Watch.' As expected, the numbers were down from the previous quarter, when holiday shoppers snapped up a record 74 million of Apple's new iPhone 6, 6 Plus and older models. But it was a 40 percent increase over the number of iPhones sold in the first three months of 2014. 'We're seeing great results all over the world,' Apple chief financial officer Luca Maestri told The Associated Press, adding that iPhone sales grew 72 percent in China, where the company has big hopes for expansion. Other products played a much smaller role. Revenue from Mac computers rose 2 percent from a year earlier, to $5.6 billion, while iPad revenue fell 29 percent, to $5.4 billion — continuing a steady decline in tablet sales. Apple didn't report any results for the new Apple Watch, which it began selling this month, after the quarter ended. Maestri said customer response had been 'positive.' Analysts estimate about 2 million have sold to date, suggesting early demand is healthy but not of blockbuster proportions. Apple shares have gained more than 50 percent over the last year, making it the world's most valuable company. 'It's been really great to see the reaction of customers,' said Cook. 'The response has been overwhelming. We can't wait to see more of the inspiring apps developers dream up.' The iPhone is another story. Since it began offering models with bigger screens last fall, Apple has vied with South Korea's Samsung for the No. 1 position in the global smartphone market. By some estimates, Apple outsold Samsung in the quarter that ended in December, and analysts will be watching closely when Samsung reports its latest results this week. Apple also announced an expansion of its effort to return more of its sizable cash war chest to investors. The company said it will raise its quarterly dividend by 11 percent, to 52 cents a share, and has increased a $90 billion stock buyback program to $140 billion. Apple didn't report any results for the new Apple Watch, which it began selling this month, after the quarter ended. In total, the company said the program will return $200 billion to investors by the end of March 2017. As iPhone sales have surged, so has Apple's stock. Apple shares have gained more than 50 percent over the last year, making it the world's most valuable company. The stock closed Monday at $132.65, up 1.8 percent for the day, and was rising in late trading. The iPhone isn't just Apple's 'dominant product,' said Frank Gillett, a tech industry analyst at Forrester Research. 'It's more than anything else what's driving the success of their company.' Market researchers, however, expect growth in the world smartphone market will slow this year, particularly at the higher price range where Apple competes, as most consumers in developed countries have already bought one. That could make it difficult for Apple to maintain its recent pace. 'They're extremely dependent on the iPhone,' said investment Colin Gillis at BGC Partners. 'At some point, the market dynamics change,' he said, adding that 'the question is what could replace the iPhone' if sales begin to slow. Customers looking at Apple iPhones in an Apple store in Shanghai, China, on January 14, 2014. Apple CEO Tim Cook has said he's optimistic about new markets such as China, where Apple has made a strong showing against Samsung and China's Xiaomi. And even if Apple is increasingly selling new iPhones to people who are simply upgrading older models, 'that's still a pretty healthy market,' said Gartner analyst Van Baker, noting that more than 700 million iPhones have been sold since the first model was introduced in 2007. Maestri also stressed the potential for new products like Apple Watch and Apple Pay, the company's mobile payment service. While these currently provide minimal revenue, analysts say they have big potential. And they are designed to work closely with the iPhone, which means each may bolster the other's popularity in the future, Gillett said.","Apple sold more than 61 million iPhones in the quarter .
Apple didn't report any results for the new Apple Watch .
Believed around 2 million watches have been sold, according to estimates .","Apple sold more than 61 million iPhones in the quarter, accounting for more than two-thirds of its $58 billion in revenue for the quarter and the lion's share of its $13.6 billion in profit - and up 40% from a year ago . Apple sold more than 61 million iPhones in the quarter, accounting for more than two-thirds of its $58 billion in revenue for the quarter and the lion's share of its $13.6 billion in profit. Apple didn't report any results for the new Apple Watch, which it began selling this month, after the quarter ended."," Apple sold more than 61 million iPhones in the quarter, accounting for more than two-thirds of its $58 billion in revenue for the quarter . Sales of iPhones in China were also revealed to have outstripped those in the US . Apple didn't report any results for the new Apple Watch, which it began selling this month, after the quarter ended .",0.31343283582089554,0.4516129032258065
"Just like humans learning to talk, puppies can sometimes take a while to learn to bark. At least, that seemed to be the case for one young Shibu Inu, who caused hilarity with a somewhat chatty display at an American Kennel Club centre. The pup was filmed squeaking and squawking after meeting a young husky dog and attempting to bark at its new companion. Captured on video, the puppies are held in the air by their respective handlers and one of the dogs makes a high-pitched whining sound. Opening its mouth, the Shibu Inu then begins vocalising with a yappy bark before the husky – leaning back in its handler’s arm – whines. People standing by laugh and put their hands to their mouths as a staff member turns to address and pacify the dog. The puppy Shibu Inu and husky feature opposite one another while conversing at an American Kennel Club centre . Falling quiet for a second, the Shibu Inu pipes up once more – louder than before – causing the husky to respond. As the dogs continue to converse, the video maker asks with a giggle: ‘What is that noise?’ But it is barely audible over the sounds of the intense barking, whining and yapping. Later in the video the excited Shibu Inu begins running in its owner's arms in its attempts to get closer to the husky. Passers-by laugh and film the two dogs as they begin yapping, whining and barking at one another . And people in the video can be seen laughing while mimicking the dog’s erratic and entirely humorous actions. The video concludes with the husky losing interest slightly and chewing on its handler’s sleeve. Before the same handler speaks to the Shibu Inu and gives it a rub, causing it to momentarily settle down. A staff member from the American Kennel Club centre attempts to pacify the puppy by giving it a rub . Canine vocalisation usually begins when a puppy is around two-to-three-weeks-old and generally consists of grunts and whines. At seven-to-eight-weeks-old, the vocalisation will develop into stronger sounding barks, although some dogs wait as long as 16 weeks before even making an attempt.","The Shibu Inu puppy has the impromptu chat with a husky .
Begins vocalising with a yappy bark while the husky whines .
American Kennel Club staff try to pacify the excited Shibu Inu .
Shibu Inu runs in the air in an attempt to get closer to Husky .","Opening its mouth, the Shibu Inu then begins vocalising with a yappy bark before the husky – leaning back in its handler’s arm – whines. The puppy Shibu Inu and husky feature opposite one another while conversing at an American Kennel Club centre . A staff member from the American Kennel Club centre attempts to pacify the puppy by giving it a rub ."," Shibu Inu was filmed chatting with a husky dog at an American Kennel Club centre . The pup began to bark at the husky after meeting its new companion at the centre . Passers-by laugh and film the two dogs as they begin yapping, whining and barking at one another .",0.3551401869158879,0.25263157894736843
"Nicola Sturgeon will today launch an extraordinary bid to ‘lead the UK’ as she unveils a string of policies apparently tailor-made for a power-sharing deal with Labour. The SNP leader will unveil a manifesto including proposals for British foreign policy, welfare payments, energy bills and English university tuition fees. Several of her election pledges overlap with Labour policy, including slashing tuition fees in England from a maximum of £9,000 a year to £6,000, and rolling back competition in the English NHS. Others are calculated to drag a minority Labour government to the left, including halting the roll-out of Iain Duncan Smith’s popular changes to benefits and cancelling the Trident nuclear weapons system. Scroll down for video . Control: The Tories warn SNP leader Nicola Sturgeon will be Ed Miliband's puppet master if he becomes Prime Minister after the election . Several election pledges in Miss Sturgeon's manifesto overlap with Labour policy, including slashing tuition fees in England from a maximum of £9,000 a year to £6,000, and rolling back competition in the English NHS . The SNP also wants the UK to formally recognise Palestine as a state, give energy regulator Ofgem the power to force suppliers to cut prices and to increase public spending on infrastructure in northern England and Wales. At the heart of the SNP’s manifesto are plans for what Miss Sturgeon has called ‘modest’ spending increases funded by yet more borrowing – but which in fact total £180billion over five years. Scotland’s First Minister, who is not herself running for a Westminster seat, said yesterday the SNP had much in common with Left-wing Labour MPs and aimed to build a ‘progressive alliance’ for people ‘right across the UK’. ‘There is an opportunity to build progressive alliances for progressive policies. It is a real rather than a pretend alternative to austerity,’ she told the BBC’s Andrew Marr Show. Today’s SNP election manifesto will be the first to be the focus of intense national scrutiny. Polls suggest the party is on course for a landslide victory north of the border, winning as many as 50 seats and holding the balance of power at Westminster. That could trigger constitutional turmoil of the sort that followed the 1910 election, when Irish Nationalists surged and ended up with more than 70 seats. In the years that followed, there was bitter conflict and the larger part of Ireland eventually seceded from the UK. The huge surge in support for the SNP could see senior Labour figures such as Jim Murphy (left) and Douglas Alexander (right) lose their seats . The latest Scotland-wide YouGov survey shows the SNP on a record 49 per cent, up three, with Labour trailing on 25 per cent, down four. The Conservatives were on 18 per cent and Liberal Democrats on just four per cent. The scale of the shift in traditional Labour strongholds in Scotland is unprecedented in modern European politics. Even senior Labour figures, including the Scottish Labour leader Jim Murphy and the shadow foreign secretary and the party’s election campaign coordinator, Douglas Alexander, are facing defeat. The SNP will declare today that a ‘strong team’ of SNP MPs in Westminster would help ‘rebalance the UK - both politically and economically - from the chronic over-dominance of the City of London, which has harmed the overall UK economy and left regions of England neglected’. Miss Sturgeon insisted those who had asked Scotland to remain in the UK in last year’s independence referendum could not now object to it calling the shots at Westminster. ‘We were told by leaders of the No campaign during the closing stages of the referendum debate that Scotland’s voice really mattered. Indeed, we were told that Scotland shouldn’t leave the UK but lead the UK,’ she said. ‘So it is more than a bit rich, now that Scotland has decided to remain part of the Westminster system, for anyone in London or elsewhere to try and imply that Scotland’s voice shouldn’t be heard or that Scotland’s voice somehow becomes an illegitimate one if people here decide to elect a large number of SNP MPs.’ However, the First Minister will face tough questions at today’s launch over her plans for ‘full fiscal autonomy’ or effective ‘home rule’, which would see almost every power apart from foreign affairs and defence devolved to Holyrood. It would end the generous Barnett Formula that funds Scotland. The Institute for Fiscal Studies  has predicted that a ‘fiscally autonomous’ Scotland would have a £7.6billion black hole in its finances.","Nicola Sturgeon will today unveil SNP manifesto as a 'bid to lead the UK'
Several of her party's election pledges will overlap with Labour policies .
Others are calculated to drag a minority LAbour government to the left .
These include cancelling Trident and halting Tory changes to benefits .","Several of her election pledges overlap with Labour policy, including slashing tuition fees in England from a maximum of £9,000 a year to £6,000, and rolling back competition in the English NHS. Several election pledges in Miss Sturgeon's manifesto overlap with Labour policy, including slashing tuition fees in England from a maximum of £9,000 a year to £6,000, and rolling back competition in the English NHS . Scotland’s First Minister, who is not herself running for a Westminster seat, said yesterday the SNP had much in common with Left-wing Labour MPs and aimed to build a ‘progressive alliance’ for people ‘right across the UK’."," SNP leader will unveil a manifesto including proposals for British foreign policy, welfare payments, energy bills and English university tuition fees . Several of her election pledges overlap with Labour policy, including slashing tuition fees in England from a maximum of £9,000 a year to £6,000, and rolling back competition in the English NHS . Others are calculated to drag a minority Labour government to the left, including halting the roll-out of Iain Duncan Smith’s popular changes to benefits and cancelling the Trident nuclear weapons system .",0.20253164556962022,0.4264705882352941
"Muslim women should be allowed to wear a full-face veil while appearing in court, Britain's most senior judge has suggested. Lord Neuberger, the President of the Supreme Court, said judges and courtrooms should allow women to wear the traditional dress as they should 'show, and be seen to show' respect towards different customs. He said judges should be 'sensitive' to the fact that they usually came from 'more privileged sector of society' than many of those facing them and they should have an understanding of the 'different cultural and social habits'. Lord Neuberger said Britain's privileged judges must be aware of their 'subconscious bias' when dealing with poorer members of society . His address to the Criminal Justice Alliance came at a time of uncertainty over the place of Muslim traditional dress in the legal system. Following a controversial trial in 2003 of a Muslim woman accused of witness intimidation, Lord Chief Justice Lord Thomas said there was a need for clear guidance on the issue. Rebekah Dawson refused to give evidence after being told she had to remove her face veil to let the jury see her face while testifying. The 22-year-old was later sentenced to six months in prison at Blackfriars Crown Court after changing her plea. Rebekah Dawson refused to give evidence after being told she had to remove her face veil to let the jury see her face while testifying. Here she pictured during her court hearing . Last year, the European Court of Human Rights upheld a ban by France on wearing the Muslim full-face veil, the niqab. A case was brought by a 24-year-old French woman, who argued that the ban on wearing the veil in public violated her freedom of religion and expression. In Lord Neuberger's address, he said judges and lawyers often failed to recognise how 'artificial and intimidating' courts could be for ordinary people. He said: 'I sometimes wonder whether our trial procedures really are the best way of getting at the truth. 'Would you feel that you had given of your best if you had been forced to give evidence in unfamiliar surroundings, with lots of strangers watching, in an intimidating court, with lawyers in funny clothes asking questions, often aggressively and trying to catch you out, and with no ability to tell the story as you remember it?' Dawson was later sentenced to six months in prison at Blackfriars Crown Court (pictured) He said this did not mean a call for a major overhaul of court proceedings but said judges, lawyers and court staff must do as much as possible to help people feel at ease in court. He continued: 'Judges have to show, and have to be seen to show, respect to everybody equally, and that requires an understanding of different cultural and social habits. 'It is necessary to have some understanding as to how people from different cultural, social, religious or other backgrounds think and behave and how they expect others to behave. 'Well known examples include how some religions consider it inappropriate to take the oath, how some people consider it rude to look other people in the eye, how some women find it inappropriate to appear in public with their face uncovered, and how some people deem it inappropriate to confront others or to be confronted – for instance with an outright denial. Lord Neuberger also suggested Muslim women should be allowed to wear a full face veil while appearing in court . 'More broadly, judges should be courteous and, generally, good-humoured; and, while they should be firm, they should never, however great the temptation, lose their temper.' The judge made the comments a week ago during an address to the Criminal Justice Alliance, in which he spoke of modern aspects of the British legal system. In a lengthy speech entitled 'Fairness in the courts: the best we can do', Lord Neuberger also said judges and lawyers should always keep in mind how 'intimidating' the court process can be for those involved in trials, including 'the parties, their families, the victims, the witnesses and the jurors'. Speaking in the context of legal aid cuts, he said the importance of ensuring all parties involved in a case understand the goings-on in a court is now greater because 'people are having to choose between representing themselves or not getting justice at all'. He also said: 'Judges may not appear to be neutral because they will almost always be seen, normally rightly, to come from a more privileged sector of society, in both economic and educational terms, compared with many of the parties, witnesses, jurors in court. 'A white male public school judge presiding in a trial of an unemployed traveller from Eastern Europe accused of assaulting or robbing a white female public school woman will, I hope, always be unbiased. 'However, he should always think to himself what his subconscious may be thinking or how it may be causing him to act.' Keith Porteous Wood, Executive Director of the National Secular Society, told the Daily Telegraph: 'Lord Neuberger understandably recommends judges understand the expectations of how those 'from different cultural, social, religious or other backgrounds think and behave and how they expect others to behave' and that the judiciary should show 'respect to everybody equally'. 'It was a missed opportunity, however, not to acknowledge that occasionally – for example on a defendant wearing a full face veil – doing so might conflict with justice being seen to be done, or even justice being done. 'My concern is not theoretical; it is now 18 months since a judge at Blackfriars Magistrate Court wasted a great deal of court time dealing with the question of full-face veils, and made a heartfelt plea for central guidance to avoid this inefficient use of expensive court's resources being replicated elsewhere. 'The Lord Chief Justice's office has been dealing with this for a long time but seems disappointingly reluctant to issue any direction.'","Lord Neuberger said Muslim women should be allowed to wear a full-face veil when appearing in court to show respect to 'different customs .
He also said judges must be aware of their 'subconscious bias'
Judges are 'rightly' seen as from 'privileged' part of society, he said .
He cited a judge ruling on a case of an unemployed traveller as an example .
Since publication of this article, Lord Neuberger has since clarified his position which may be read here: Article .","Muslim women should be allowed to wear a full-face veil while appearing in court, Britain's most senior judge has suggested. Dawson was later sentenced to six months in prison at Blackfriars Crown Court (pictured) He said this did not mean a call for a major overhaul of court proceedings but said judges, lawyers and court staff must do as much as possible to help people feel at ease in court. Lord Neuberger also suggested Muslim women should be allowed to wear a full face veil while appearing in court .", Lord Neuberger said judges and courtrooms should allow women to wear the traditional dress . He said judges should be 'sensitive' to the fact that they usually came from 'more privileged sector of society' He said Britain's privileged judges must be aware of their 'subconscious bias' when dealing with poorer members of society . Comments came at a time of uncertainty over the place of Muslim traditional dress in the legal system .,0.2807017543859649,0.304635761589404
"The Duke of Kent has been spotted leaving hospital with a walking stick after suffering a dislocated hip during an Easter trip to the Royal Family's Balmoral estate. The Queen's cousin, 79, injured himself while staying at the Queen's private residence in Royal Deeside, Aberdeenshire, on Saturday. He was taken to Aberdeen Royal Infirmary on Easter Monday and spent a night in hospital being treated for his injuries before being discharged today. Scroll down for video . The Duke of Kent, 79, was spotted leaving Aberdeen Royal Infirmary with a walking stick today (above). The Queen's cousin was admitted to the hospital yesterday after suffering a dislocated hip at the Balmoral estate . His Royal Highness Prince Edward walked to his daughter Lady Helen Taylor's car with a walking stick before being driven away. Buckingham Palace said today that he had been 'successfully' treated for a dislocated hip . Buckingham Palace confirmed His Royal Highness Prince Edward's injury and said: 'The Duke of Kent was admitted on Monday to Aberdeen Royal Infirmary, where he was successfully treated for a dislocated hip. 'The Duke is expected to leave hospital later today.' The dislocation comes just two years after the Duke suffered a 'mild' stroke. In March 2013, he was taken to University College Hospital in London after suffering a the stroke, also known as a transient ischaemic attack. Despite his age, the Duke still undertakes a large number of royal engagements. He became the Duke of Kent at just six when his father died in a wartime flying accident in 1942. The Duke is the son of Prince George, the younger brother of King George VI and King Edward VIII. He enjoyed a lengthy military career and was a respected Army officer who also acted as Britain's international trade ambassador for 25 years. Nurses could be seen outside Aberdeen Royal Infirmary with the Duke and his daughter Lady Helen Taylor today. The Queen's cousin was driven away by his daughter after being discharged by doctors this afternoon . The Duke appeared downcast as he was driven away from the hospital by his daughter Lady Helen Taylor . He has since spent many years performing royal duties on behalf of the Queen and is perhaps now best known for being President of the All England Lawn Tennis and Croquet Club and presenting the Wimbledon trophies each summer. The royal is also the country's top Freemason - the secret society's Grand Master of the United Grand Lodge of England. His wife the Duchess of Kent has withdrawn from public life, dropping her HRH title. She now works as a music teacher, preferring to be known as 'Katharine Kent'. The couple have three children George, the Earl of St Andrews, Lady Helen Taylor, and Lord Nicholas Windsor. Balmoral Castle in Royal Deeside, Aberdeenshire, has been one of the residences for members of the British Royal Family since 1852. The original castle and estate was bought privately by Prince Albert. It is owned by the royal family, but it is not the property of the crown. The Duke is the son of Prince George, the younger brother of King George VI and King Edward VIII. It means he is the Queen's cousin (pictured together at Wimbledon in June 2010) and carries out duties on her behalf . It is not known how the Duke injured himself but he was taken to hospital from Balmoral Castle in Royal Deeside, Aberdeenshire, which has been one of the residences for members of the Royal Family since 1852 .","Duke of Kent spotted leaving hospital with a walking stick after hip injury .
The Queen's cousin dislocated his hip while staying at Balmoral for Easter .
79-year-old was taken to Aberdeen Royal Infirmary and discharged today .","The Duke of Kent has been spotted leaving hospital with a walking stick after suffering a dislocated hip during an Easter trip to the Royal Family's Balmoral estate. Buckingham Palace confirmed His Royal Highness Prince Edward's injury and said: 'The Duke of Kent was admitted on Monday to Aberdeen Royal Infirmary, where he was successfully treated for a dislocated hip. It is not known how the Duke injured himself but he was taken to hospital from Balmoral Castle in Royal Deeside, Aberdeenshire, which has been one of the residences for members of the Royal Family since 1852 ."," The Queen's cousin, 79, was admitted to Aberdeen Royal Infirmary on Easter Monday . He suffered a dislocated hip while staying at the Queen's private residence in Royal Deeside, Aberdeenshire, on Saturday . Buckingham Palace said today that he had been 'successfully' treated for the injury . The Duke of Kent was seen leaving hospital today with a walking stick . He was driven away by his daughter Lady Helen Taylor after being discharged .",0.29197080291970806,0.2181818181818182
"Whether you sprout the odd grey hair, spend hours eradicating them or let your silver locks flow free, the latest hair trend is good news for women everywhere. Grey hair is on trend with silver hair lovers the world over posting images on social media under the hashtag #grannyhair. Instagram is  awash with the grey haired images - from  beauty shots featuring professional models   to selfies uploaded by proud grey haired Instagrammers. Scroll down for video . Katja Wassermeyer (katja-wassermeyer-photographer.com) is one of the many photographers who has embraced the trend, with eye-catching beauty image of a model with tumbling grey locks . This selfie posted by Jennica Gomez of big lips, white nails and grey hair creates a cool statement . Batalashbeauty.com posted this image on their Twitter feed showing the a model sporting grey locks . When content sharing website Bored Panda asked users to post their grey haired images online, the response was overwhelming and the page has been viewed half a million times and counting. For the younger granny trend followers, going grey takes serious effort in the beauty department, but for others it means emancipation from timely and costly hair dying regimes. Either way, the look has an air of defiant feminism. Men have always enjoyed grey emancipation - the salt and pepper look is often deemed distinguished - whereas women's grey hair is rarely viewed in a flattering light. But whether it's a feminist statement or a quirky fashion fad, the look has feel good factor. One user, known as angexla, uploaded this picture of grey hair and dark routes . This image posted by Suzy Q Kelly showcases the grey hair trend with dramatic makeup and white highlights . One Instagrammer @deanamelbourne posted this shot of thick grey locks online and received lots of 'likes' from followers . Right: Ziba Simone posted this image of her cool grey hair and cute grey cat online; Left: Jenny Ramos Diaz is proud of her grey hair and posted this 360 degree shot of her silver locks . The trend can be tracked back to Jean Paul Gaultier's catwalk show at Paris Fashion Week featuring silver haired models earlier this month. The statement to embrace older models and leave their natural hair untouched was applauded by fashion fans. And it's not the first time the designer has experimented with the grey-haired look. At his Autumn/Winter 2011 show the models sported eye-catching grey beehives. Rihanna (left) went grey last year and posted this image of her silver locks on Instagram and Lady Gaga (right) has also experimented with the trend . Kelly Osborne (left) and Nicole Richie (right) have both rocked the grey hair look . Dame Judi Dench (left) and Jamie Lee Curtis (right) also let their natural tones shine through . Kelly Osborne was also an early fan of the grey hair style and stepped out with a shock of white hair back in 2012. Since then Lady Gaga and Nicole Richie have dared to go grey as has Rihanna, who posted a silver-haired image of herself on Instagram. And Dame Judi Dench and Jamie Lee Curtis both let their natural tones shine through. Sibi Bolan, creative colour director at top hairdressers Hershesons advises thinking carefully before you try the trend at home. ‘Find out what your options are and remember using your skin tone to find the right colour is key. Going grey on the Jean Paul Gaultier catwalk in Paris on March 1 . Angela Le posted this image on Bored Panda which shows dark hair dyed a stunning shade of silver . 'For the grey hair trend, option one is to slowly reduce the amount of colour and gracefully allow the grey to appear (if you are going grey naturally) and option two is to add lighter ash highlights to enhance and complement the grey tones. 'A great haircut is key to going grey so you don't end up looking like you have given up on yourself!' Sibi also advises using a silver shampoo. 'It helps brighten the hair and remove yellow unflattering tones that grey hair has a tendency to do. 'Often grey hair is more dry therefore absorbs things like pollution cigarette smoke dulling down the silver fox making it look like tarnished brass.' Grey hair with a violet hue looks stylish in this image posted by Nicoline Patricia Malina . This selfie of Stacy Smith shows grey hair can look elegant in it's natural form . Skaiste Tylaite celebrated the grey hair trend by posting this image online of grey hair with purple tips .","Grey hair has gone glam with social media awash with images .
Users posting images under the hashtag #grannyhair .
Models are sporting grey hair on professional beauty shoots .
Other Instagrammers are posting selfies in front of the bathroom mirror .
Stars including Kelly Osborne, Nicole Richie and Lady Gaga and Rihanna have helped the trend gain traction .",Right: Ziba Simone posted this image of her cool grey hair and cute grey cat online; Left: Jenny Ramos Diaz is proud of her grey hair and posted this 360 degree shot of her silver locks . Rihanna (left) went grey last year and posted this image of her silver locks on Instagram and Lady Gaga (right) has also experimented with the trend . Skaiste Tylaite celebrated the grey hair trend by posting this image online of grey hair with purple tips ., Grey hair is on trend with silver hair lovers the world over posting images on social media under the hashtag #grannyhair . Instagram is awash with the grey haired images - from beauty shots featuring professional models  to selfies uploaded by proud Instagrammers . Jean Paul Gaultier's catwalk show at Paris Fashion Week featured silver haired models earlier this month .,0.16296296296296298,0.23008849557522126
"These extraordinary pictures show more than 1,700 Chinese students taking an exam in their high school's playground - because they could not all fit inside. The freshmen students from Yichuan, Shaanxi province took the exam on Saturday in the first attempt by the school to allow pupils to sit exams in the open. The school said the reason behind the unusual move was the lack of sufficient indoor space - and added that it could be a test of the students' organizing capacity, the People's Daily Online reported. The paper reported that the Grade One students at Yichuan Senior High School suggested and organised the outdoor exam themselves. The students thought of everything and in order to avoid being dazzled by the sunshine, which may have caused them to feel dizzy, a regular radio announcement ordered pupils to turn their chairs and desks collectively from time to time. The newspaper reported that many of the students believe sitting the exam outside is a novel way to broaden their horizons and encourage them to feel more relaxed. Some of the students also suggested it could help to prevent cheating. 'Grade One students suggested they organise the exam in such a way,' said one unnamed teacher. 'We felt it was a great idea, the weather also allowed it, so we approved the proposal.' More than 1,700 Chinese students (pictured) took the exam in a playground at a high school in Yichuan, Shaanxi province on Saturday . In order to avoid being dazzled by the sun a regular radio announcement ordered students to turn their chairs and desks from time to time . The students at Yichuan Senior High School suggested and organised the outdoor exam themselves as there wasn't enough room inside . Many of the students said sitting the exam outside is a novel way to broaden their horizons and encourage them to feel more relaxed . The school said  that sitting the exam outside could be a test of the students' organizing capacity as they set up the exam themselves .","More than 1,700 students were spotted taking an exam in an open-air playground at a Chinese high school .
Grade One pupils at school in Yichuan, Shaanxi province could not all fit inside the building to take exam .
Yichuan Senior High School officials said sitting exam outside would test the students' organizing capacity .",The paper reported that the Grade One students at Yichuan Senior High School suggested and organised the outdoor exam themselves. The students at Yichuan Senior High School suggested and organised the outdoor exam themselves as there wasn't enough room inside . Many of the students said sitting the exam outside is a novel way to broaden their horizons and encourage them to feel more relaxed .," More than 1,700 Chinese students took the exam in a playground at a high school in Yichuan, Shaanxi province on Saturday . Grade One students at the school suggested and organised the outdoor exam themselves . In order to avoid being dazzled by the sun a regular radio announcement ordered pupils to turn their chairs and desks collectively from time to time .",0.23529411764705882,0.3478260869565217
"Ed Miliband will do 'more damage to the country than he did to his brother', Boris Johnson said this morning as the pair clashed on live TV. The London Mayor, who appeared alongside Mr Miliband on the BBC's Andrew Marr Show, launched a furious personal assault on his rival - with their encounter descending into a furious shouting match. But Mr Miliband, who beat his elder brother David to the Labour leadership in 2010, ended up laughing off the attack, responding: 'Come on Boris, you're better than that.' Animated: Boris Johnson wags a finger at Miliband, who appears to have a clenched fist, on the Andrew Marr Show this morning. The rivals' encounter quickly descended into a slanging match . No let-up: The Tory and Labour politicians go at it hammer and tongs in front of their TV audience . The heated exchange ends with presenter Andrew Marr (right) injecting and the men trying to laugh about it . Mr Johnson's verbal mauling of the Labour leader comes after the Tories were accused of 'descending into the gutter' for claiming that Mr Miliband may 'stab the country in the back' by doing a deal with the SNP to get into power. But today, Mr Johnson insisted that Labour could not take power without the support of the SNP, and claimed the prospect was 'actually deeply alarming'. He said Mr Miliband would have to take help from the Scottish party 'crouching on his back like a monkey' - making it impossible for him to govern in the interests of the whole UK. The London Mayor added: I am not saying that your brother had to present himself at A&E with a dagger in his back... [but] he [Ed Miliband] would do more damage to this country than he did to his brother, and that is the key point.' Verbal onslaught: Mr Johnson said that Labour could not take power without the support of the SNP . Time to go: Mr Johnson and Mr Miliband leave the politics programme after their massive on-air argument . Mr Miliband arrived at the BBC studios in Central London by car, while Mr Johnson cycled there . Ed Miliband won the Labour leadership in September 2010 by narrowly beating his brother David, who had been the runaway favourite for the top job. The younger sibling won the ballot by just over 1 per cent after the second, third and fourth preference votes came into play. David had garnered the majority of support from Labour MPs and party members - but Ed was ahead with the trade-union members. He hugged David after the result was announced - but later admitted the decision to stand against him caused deep division between the brothers. David stayed on as an MP until 2013, then announced he was quitting Parliament to become head of the giant New York-based charity International Rescue Committee. Mr Miliband hit out at the Conservatives for their campaign, saying: 'They are so desperate they are reduced to trying to set one part of the country against another.' Mr Johnson insisted the Conservative attacks on the SNP were not risking the union. 'I'm so proud and so positive about what's happening in this country at the moment, and I just think there are unnecessary risks involved in this Labour-SNP condominium,' he said. 'So the answer would be, no I don't think we are in any way imperiling the union. The people who would imperil the union, because that's what their party is called, is the Scottish Nationalist Party. 'And I imagine their strategy - like the parable, or the fable, of the frog and the scorpion - is to be allowed to be carried across the river and then ultimately to sting... [he is cut off]' The Conservatives have made the prospect of a Labour administration that's reliant on SNP votes one of the central planks of their election campaign in the last fortnight. But Mr Miliband has repeatedly insisted that he will not make any 'deals' with the SNP to become Prime Minister. And he told Andrew Marr today: 'No coalition, no tie-ins, I have said no deals - I have been clear about that. I am not doing deals with the Scottish Nationalist Party.' Asked explicitly whether he was ruling out a confidence-and-supply agreement, he replied: 'No deals.' Ed Miliband and Boris Johnson livened up the election campaign this morning when they went head-to-head on live TV. After being interviewed separately by presenter Andrew Marr, the pair of would-be Prime Ministers were brought together to challenge each other directly. Mr Miliband kicked off the heated exchange by demanding to know if Mr Johnson backed rules that allow wealthy foreigners living in Britain to avoid tax on their overseas earnings. He said: ‘Are you for keeping non-dom status? You’re defending those people who come here, they live here for 30 years, they are permanently here and they don’t pay taxes here.’ Mr Johnson responded: ‘Hang on, is this the Ed Miliband who was in the Treasury with Gordon Brown for about ten years? Are you the same creature? I mean, is there some sort of doppelganger going on?’ The Labour leader hit back, saying: ‘Don’t get rattled, come on now. Andrew Marr interjected to ask the London Mayor to defend inflammatory remarks in which he had accused Mr Miliband of being a back stabber. He said: ‘You attacked Ed Miliband very forcibly today, Boris, for backstabbing. Do you really think that is a fair approach to somebody who is standing in an election? Before Mr Johnson could speak, Mr Miliband said: ‘He doesn’t believe it. Come on, Boris, you are better than that.’ But the London Mayor replied: ‘I am not saying that your brother had to present himself at A&E with a dagger in his back. But he would do more damage to this country than to his brother - and that is the key point.’","London Mayor appeared with Mr Miliband on BBC1's Andrew Marr Show .
Mr Johnson said Ed would damage UK more than he'd damaged his sibling .
But he conceded: 'I'm not saying your brother had dagger in the back'
Labour leader laughed off row, saying: 'Boris, you're better than that'","Ed Miliband will do 'more damage to the country than he did to his brother', Boris Johnson said this morning as the pair clashed on live TV. The London Mayor added: I am not saying that your brother had to present himself at A&E with a dagger in his back... [but] he [Ed Miliband] would do more damage to this country than he did to his brother, and that is the key point.' Verbal onslaught: Mr Johnson said that Labour could not take power without the support of the SNP ."," Boris Johnson and Ed Miliband clashed on BBC's Andrew Marr Show this morning . London Mayor said Miliband would do 'more damage to the country than he did to his brother' But Miliband laughed off the attack, saying: 'Come on Boris, you're better than that' Mr Johnson said Labour could not take power without the support of SNP .",0.2237762237762238,0.39639639639639646
"Jeremy Clarkson has finally spoken out about his high-profile sacking from Top Gear, admitting he will 'miss' fronting the BBC2 show. Clarkson, 54, who was fired in March after attacking a producer during filming, has not publicly addressed his dismissal, apart from to say that 'everyone's upset'. But the presenter today gave his 'heartfelt thanks' to those who sent their support in the aftermath of his sacking, saying he would 'miss being there'. It came as Ms Rippon, 70, who first presented the show 38 years ago, said she would be keen to return to the motoring show if she were invited back. Scroll down for video . Jeremy Clarkson (left) today revealed he would 'miss' fronting Top Gear, as it emerged that former presenter Angela Rippon (right) would be keen to return to the motoring show . Ms Rippon, 70, who first presented the show 38 years ago, said it would be 'great' if she were invited back to front Top Gear . Writing in The Sun, Clarkson said: 'Heartfelt thanks to all those who have written to say how much they will miss me on Top Gear. It's not as much, however, as I'll miss being there.' Clarkson was dropped by the BBC after an internal investigation found he had launched an 'unprovoked' 30-second physical attack on producer Oisin Tymon because he was offered a plate of cold cuts instead of steak and chips. The presenter was found to have split the producer's lip and verbally abused him. Following weeks of speculation over the star's future, Lord Hall, the director-general of the corporation, publicly announced  that the BBC would not be renewing Clarkson's contract. He said Clarkson had 'crossed the line' and that 'there cannot be one rule for one and one rule for another'. Now, with the future of the show still up in the air, former newsreader Ms Rippon said it would be 'great' if she was invited back. Clarkson, who was dropped by the BBC after launching an 'unprovoked' 30-second physical attack on producer Oisin Tymon. today gave his 'heartfelt thanks' to those who have supported him . She told The Daily Mirror: 'It would be great if they said ""let's get the old girl back to do the odd film for us"". What I did all those years ago is totally different to what they do now. 'If a programme is going to have longevity, which Top Gear has, it has to keep evolving.' She added that there should be a woman included in the team - because half the drivers on the road are female. Jodie Kidd, the former model, has already been linked to the show. It also emerged last month that DIY SOS star Nick Knowles could become the new Top Gear presenter because the BBC believe he is a 'safe pair of hands'. Meanwhile, BBC bosses are said to be desperately trying to hold onto James May (left) and Richard Hammond (right) - Clarkson's co-presenters - for the BBC2 show . Mr May has previously said that the trio 'came as a package', while Hammond - not ruling out a return - said the sacking marked 'the end of an era' But BBC bosses are reportedly still trying to persuade Richard Hammond and James May to continue with the show, in a bid to cling onto long-term fans. Although May, 52, and Hammond, 45, have both hinted separately that they do not see a future with Top Gear, both have remained silent on the issue for the past few weeks. A source told the Daily Mirror: 'Richard is a TV presenter and this could be his chance to become top dog - he's been on the show a bit longer than James. That is a big opportunity to pass over.' They added: 'It would be a great shame to lose all the talent in one go - re-booting it from scratch would be a far harder task than replacing one.' Mr May has previously said that the trio 'came as a package', while Hammond - not ruling out a return - said the sacking marked 'the end of an era'. But little has been said since the initial reaction to the sacking. Some believe the presenters are remaining silent while waiting for bids from rival channels, which may want to sign up the group as a trio. All three were on the cusp of signing new three-year deals when the Clarkson fracas unfolded. Some believe the pair are remaining silent while waiting for bids from rival channels, which may want to snap up the former Top Gear group as a trio . The day after Clarkson's sacking, May gave a big hint that he has no plans to return to Top Gear, suggesting he is to ‘go back to normal life.’ The presenter admitted he was already considering what to do next with his life - and suggested he might even ditch cars to become a teacher. He said: 'I might want to do something completely different with my life, I'm quite old now. (I might do) something outside of cars, I always wanted to be a teacher.' He also seemed to confirm speculation that he would leave the top-rating programme, saying: 'We always knew it wasn't going to last forever'. Clarkson, 54, was sacked after attacking Oisin Tymon in an episode which Lord Hall said had 'crossed the line' But the BBC's creative director Alan Yentob previously made it clear he wanted May and Hammond to continue presenting the show without Clarkson, despite acknowledging it would be 'perfectly natural' for them to have reservations about continuing. He said: 'It's perfectly natural for them. They are a team they have worked together for a very long time, they are all very attached. 'If Jeremy is not in it and Richard and James are, that needs to be a conversation with them as well. They need to be happy about what's going on and where they think the programme needs to be.' May fronts several other TV programmes, including the popular James May's Toy Stories, James May's Man Lab and Oz and James' Big Wine Adventure with wine expert Oz Clarke. Hammond has a successful career as a children’s television host, fronting the second series of National Geographic's Science of Stupid. He also hosted BBC1’s physical game show Total Wipeout and the CBBC series Blast Lab before they were axed. Clarkson, May and Hammond are scheduled to take part in the live Top Gear shows next month. But the shows have been renamed, without BBC branding. Earlier this month North Yorkshire Police said that following an investigation Clarkson would face no further police action over his attack on the producer at a hotel. Clarkson pulled out of his planned appearance hosting BBC satirical show Have I Got News For You, which was due to be filmed next week, and aired a day later. It would have marked his first BBC appearance since the fracas which led to his departure.","Clarkson has not spoken publicly about sacking since news broke in March .
He today gave 'heartfelt thanks' to fans, saying he would 'miss being there'
Rippon, 70, keen to return to show and wants woman in presenting line-up .
Meanwhile, bosses are reportedly trying to cling onto James May and Richard Hammond .","Jeremy Clarkson (left) today revealed he would 'miss' fronting Top Gear, as it emerged that former presenter Angela Rippon (right) would be keen to return to the motoring show . Ms Rippon, 70, who first presented the show 38 years ago, said it would be 'great' if she were invited back to front Top Gear . Mr May has previously said that the trio 'came as a package', while Hammond - not ruling out a return - said the sacking marked 'the end of an era' But BBC bosses are reportedly still trying to persuade Richard Hammond and James May to continue with the show, in a bid to cling onto long-term fans."," Clarkson, 54, was fired in March after attacking a producer during filming . But the presenter today gave his 'heartfelt thanks' to those who have supported him . It came as Angela Rippon, 70, said she would be keen to return to the motoring show . She said it would be 'great' if she was invited back to front Top Gear . BBC bosses are said to be desperately trying to hold onto Clarkson's co-presenters James May and Richard Hammond . May has previously said that the trio 'came as a package', while Hammond said the sacking marked 'the end of an era'",0.23456790123456794,0.3289473684210526
"(CNN)Giovanni Lo Porto put himself in harm's way to help, heading to Pakistan to work on a much needed reconstruction project following deadly flooding there. His work and his life, as he knew it then, came to a halt on January 19, 2012. That's when, according to Italy's state-run ANSA news agency, four armed men burst into the building where Lo Porto lived and abducted him along with colleague Bernd Muehlenbeck. Two years later, Lo Porto was dead -- killed accidentally by a U.S. drone strike, according to American authorities. The native of the Sicilian city of Palermo died along with a fellow al Qaeda hostage, American Warren Weinstein. That same counterterrorism operation in a border region of Afghanistan and Pakistan killed at least one al Qaeda leader, Ahmed Farouq, who was also a U.S. citizen. His family members, including his four brothers, called him Giancarlo. Lo Porto grew up in Sicily and then studied at London Metropolitan University, getting his undergraduate degree there in Peace and Conflict Studies in 2010, according to the school. A professor there remembers him as ""passionate, friendly (and) open-minded,"" according to an ANSA report. And the university, in a statement, described him as ""a popular student who was committed to helping others."" ""We are tremendously proud of him and the humanitarian work he did,"" the school said. At the time he was taken captive, Lo Porto worked with the German aid organization Welthungerlife, a 53-year-old group dedicated to fighting hunger and poverty worldwide. Such work means going to places where the need is most -- places like Multan in Pakistan. That community was one of many in Pakistan devastated by major flooding in 2010, which covered about one-fifth of the country and left more than 1,500 people dead. These conditions are all too common in the South Asian nation, as evidenced by flooding one year later that forced upwards of 660,000 into refugee camps and killed more than 430 people, about a quarter of whom were children. ""He told me, 'I'm pleased to have returned to Asia and Pakistan, I love the people, culture and food in this part of the world,' "" said the London Metropolitan University professor. Specifically, Lo Porto was a project manager with Welthungerlife's clean water and sanitation program, working with 8 to 10 fellow international staffers and 100 to 200 locals starting in October 2011, according to Simone Pott, a spokeswoman for the aid group. Pott described Lo Porto as a lively, very positive man who made friends all over the world. Some of those friends in Italy, England and beyond pressed for Lo Porto's release after he was taken captive, urging Italy's government and newspaper editors to get his story out, ANSA reported. The same story said that al Qaeda (after first claiming he was being held) denied abducting Lo Porto, as did the Pakistani Taliban. Muehlenbeck, a German national, was freed last October, at which time he said that he and his colleague had been separated, according to ANSA. But Lo Porto never got the chance to savor freedom again, like his German counterpart. Italian Foreign Minister Paolo Gentiloni said his country's government ""carried out every effort possible to trace and try to return Giovanni to his loved ones."" ""Unfortunately, the conclusion is now different (than we wanted) because of the tragic and fatal mistake of our American allies, which has been recognized by President Obama,"" Gentiloni said. ""The responsibility of his death and (that) of Warren Weinstein ... is that of the terrorists."" On Thursday, after the U.S. government reported Lo Porto's death, Italian Prime Minister Matteo Renzi expressed his ""deepest sorrow for the death of an Italian who dedicated his life to the service of others."" Lo Porto's death left those at his former charity Welthungerlife speechless and confused, Pott said. And then there are his family members like his mother, who ANSA reports became ""another person"" after her son's kidnapping. ""Her only hope was to embrace Giovanni,"" a neighbor said. CNN's Hadia Messia contributed to this report.","NGO where Lo Porto works describes him as a lively, positive man with lots of friends .
London university  says he was a ""popular student ... committed to helping others""
He was killed in a U.S. counterterrorism strike in January, authorities say .","(CNN)Giovanni Lo Porto put himself in harm's way to help, heading to Pakistan to work on a much needed reconstruction project following deadly flooding there. The same story said that al Qaeda (after first claiming he was being held) denied abducting Lo Porto, as did the Pakistani Taliban. Lo Porto's death left those at his former charity Welthungerlife speechless and confused, Pott said."," Giovanni Lo Porto was killed in a U.S. drone strike . He was abducted in January 2012 along with a fellow al Qaeda hostage, American Warren Weinstein . Italian Prime Minister: ""The responsibility of his death and (that) of Warren Weinstein ... is that of terrorists""",0.13084112149532712,0.25882352941176473
"(CNN)He might have just won one of sport's most prestigious events, but it wasn't long before Jordan Spieth's thoughts turned to his autistic sister in the glow of victory. The 21-year-old golfer equaled Tiger Woods' 1997 record winning score of 18 under par to realize his childhood ambitions of donning the green jacket on Sunday as he swept through the field to become Masters champion at Augusta. An ice-cool display made him the second-youngest winner -- behind only Woods, who was 155 days younger that year -- and only the fifth man to have led from start to finish over the tournament's four days. ""I miss her a lot, and I wish she could have been here,"" Spieth told CNN's Don Riddell in the aftermath of his triumph as he opened up about younger sibling Ellie, who was not able to attend the tournament. ""But I can't wait to get back to her and maybe let her try on the jacket. ""I'll have to bring her back a present from here. That's what she'll be expecting."" Amid all the pressure of playing professional golf, Spieth's 14-year-old sister provides him with perspective. ""How has she shaped my upbringing? Well, she's the most special part of our family. She's the funniest part of our family,"" he said. ""I love having her around. She's an incredible sister, my biggest supporter. She is somebody who you can watch and then reflect on the big picture of life and understand that all these frustrations in a day, or in a round of golf, are really secondary. ""We wouldn't have that realization without her."" At the age of just 14, the prodigy from Texas -- who was named after basketball legend Michael Jordan -- had been clear about what he wanted: his aim was to take the Masters title one day. And he betrayed virtually no sign of nerves throughout his stunningly dominant performance, letting slip only a muttered ""oh dear"" when he marginally sliced a tee shot halfway through the final round. Last year, Spieth lost the lead just before the nine-hole turn on the last day -- but he never looked like being denied this time, beating Phil Mickelson's Masters record of 26 birdies for good measure. ""To sit with this jacket on and to be a part of the history of Augusta National and the Masters was something I watched slip away last year,"" said Spieth, who described the reality of winning as ""even better"" than his dreams. ""I had a chip on my shoulder (about that). I carried some momentum into this week and it all came together, right at the right time."" Shown a picture of himself wearing one of the most coveted pieces of clothing in sport, Spieth, born in Dallas, added: ""Putting on the jacket, it looks good. It looks good. I'm OK wearing green!"" He couldn't stop grinning as he said that he hoped to be finishing his final Masters appearance in 50 years' time, but added that he would ""still remember what it was like walking up the 18th hole today."" And as he looked less far ahead, he revealed that he would be staying true to his roots at next year's Champions Dinner. Asked what he would put on the menu for that event, he said: ""It would be some form of Texas BBQ."" The unassuming Spieth's success brings to mind other stars whose supreme ability and self-belief saw them become major champions in the early days of their careers. In 1985, German tennis player Boris Becker stunned Wimbledon when, at the age of 17, he defeated Kevin Curren to become the event's youngest ever men's champion -- a record that still stands today. Becker said people ""thought I had done something I wasn't supposed to do, something that shouldn't have been possible. But I did it -- and then I did it again at 18, just to make the point."" American player Michael Chang was 118 days younger than Becker when he won the French Open in 1989, while Swiss star Martina Hingis was just 16 when she triumphed at the 1997 Australian Open. Last year, at the age of only 15, Martin Odegaard became Norway's youngest international footballer when he played in a friendly against the United Arab Emirates, provoking huge media interest and the attention of Europe's top clubs, before he signed for Spanish giant Real Madrid. For them, as for Spieth, perhaps success was meant to be from the earliest days. And as he looked at a picture of himself with a golf club in hand, taken at the age of 6 or 7 at his grandparents' home in North Carolina, he reflected on the determination that had put him in the green jacket, referring to another Major winner. ""How about the focus on that swing?"" he asked. ""That's a little John Daly-like there, isn't it?""","Jordan Spieth hails autistic younger sibling as his biggest supporter .
Ice-cool display made him second-youngest winner behind Tiger Woods .","Last year, Spieth lost the lead just before the nine-hole turn on the last day -- but he never looked like being denied this time, beating Phil Mickelson's Masters record of 26 birdies for good measure. ""To sit with this jacket on and to be a part of the history of Augusta National and the Masters was something I watched slip away last year,"" said Spieth, who described the reality of winning as ""even better"" than his dreams. Shown a picture of himself wearing one of the most coveted pieces of clothing in sport, Spieth, born in Dallas, added: ""Putting on the jacket, it looks good."," Jordan Spieth tells CNN's Don Riddell: ""I wish she could have been here"" The 21-year-old says he misses his autistic sister Ellie, who was not able to attend the Masters . Spieth equaled Tiger Woods' 1997 record winning score of 18 under par to become Masters champion .",0.04687499999999999,0.14285714285714285
"Ahead of this weekend's Premier League action, Sportsmail will be providing you with all you need to know about every fixture, with team news, provisional squads, betting odds and Opta stats. Here is all the information you need for Leicester's home clash with West Ham... Leicester City vs West Ham United (King Power Stadium) Team news . Leicester City . Matt Upson is out of Leicester's clash with West Ham as the rock-bottom Foxes continue their fight for survival. The defender limped off in their 4-3 defeat by Tottenham before the international break with an achilles problem and will not be risked. Jeff Schlupp (right) trains with Leicester team-mate Wes Morgan on Thursday but could be rested by the Foxes . Dean Hammond (calf) is out and Jeff Schlupp will be assessed after he played in Ghana's 1-1 draw with Mali on Tuesday with boss Nigel Pearson admitting the winger is tired, while Liam Moore has returned from a loan at Brentford. Provisional squad: Schmeichel, Schwarzer, Hamer, Simpson, Moore, Wasilewski, Morgan, Huth, De Laet, Konchesky, King, Knockaert, Albrighton, Schlupp, Cambiasso, James, Mahrez, Nugent, Kramaric, Vardy, Ulloa. West Ham United . West Ham will welcome Winston Reid back from injury for Saturday's Premier League trip to bottom side Leicester. The New Zealand defender has been struggling with a hamstring problem but worked on his fitness over the international break and is now in contention to face the Foxes. West Ham United's Winston Reid tackles Tottenham Hotspur's Mousa Dembele during a 2-2 Premier League clash at White Hart Lane in February . Hammers' boss Sam Allardyce believes the game will come too soon for Enner Valencia (toe) but the Ecuadorian is back in training whilst Andy Carroll (knee), James Tomkins (shoulder) and Doneil Henry (hamstring) all miss out. Provisional squad: Adrian, Jaaskelainen, Cresswell, Jenkinson, Reid, Collins, O'Brien, Noble, Poyet, Song, Amalfitano, Kouyate, Nolan, Downing, Jarvis, Nene, Sakho, Valencia, Cole. Kick-off: Saturday, 3pm . Odds (subject to change): . Leicester 7/5 . Draw 11/5 . West Ham 2/1 . Referee: Mark Clattenburg . Managers: Nigel Pearson (Leicester), Sam Allardyce (West Ham) Head-to-head league record: Leicester wins 39, draws 29, West Ham wins 51 . Key match stats (supplied by Opta) Leicester have won just one of their last 10 Premier League home matches (W1 D3 L6). West Ham United are unbeaten in their last seven league games against Leicester City (W4 D3 L0). The Hammers scored with their only two shots on target in their 2-0 win in the reverse fixture against the Foxes back in December. Sam Allardyce’s team have won none of their last seven Barclays Premier League away matches (W0 D4 L3). West Ham have kept just one clean sheet in their last 20 Premier League games on the road. Andy Carroll will not feature for West Ham United at Leicester City but he did score in the Hammers' 2-0 victory over the Foxes back in December . Nigel Pearson’s side have scored just three goals in their last nine Premier League games at the King Power Stadium and have gone five hours and 15 minutes since they lasted netted in front of their own fans. West Ham will be looking to win back to back Premier League games for the first time since December 7th. No ground has seen fewer Premier League goals this season than the King Power Stadium (30, level with Villa Park). After scoring five goals in his first five Premier League appearances for Leicester City, Leonardo Ulloa has scored only two in his 23 apps since. Diafra Sakho has scored a league-high five headed goals this season, while only Graziano Pellè (25) has attempted more headed shots than the Hammer (23).","Leicester defender Matthew Upson will miss out against former club .
Dean Hammond and Jeff Schlupp to be given fitness tests by Foxes .
Winston Reid returns from hamstring injury for West Ham United .
Hammers without Enner Valencia who is back in training .
Andy Carroll, James Tomkins and Doneil Henry also missing for West Ham .",Here is all the information you need for Leicester's home clash with West Ham... Leicester City vs West Ham United (King Power Stadium) Team news . West Ham will welcome Winston Reid back from injury for Saturday's Premier League trip to bottom side Leicester. West Ham 2/1 .," Matt Upson is out of Leicester City's clash with West Ham United . Jeff Schlupp will be assessed after Ghana's 1-1 draw with Mali on Tuesday . Winston Reid will return from injury for the Hammers at the King Power Stadium . Andy Carroll, James Tomkins and Doneil Henry all miss out for West Ham . Foxes have won just one of their last 10 Premier League home games .",0.1764705882352941,0.38016528925619836
"Arsene Wenger insists his woeful record against Jose Mourinho will have no bearing on Arsenal's top-of-the-table clash with Chelsea at the Emirates Stadium on Sunday. Wenger has failed to win in 12 games against Mourinho across the Portuguese coach's two spells at Stamford Bridge, drawing five and losing seven of their clashes. But the Arsenal manager says the past shared between the two managers on the touchline in Sunday's 4pm kick-off will be irrelevant as the Barclays Premier League's top two sides face off. Arsene Wenger has drawn five and lost seven of his 12 clashes with Jose Mourinho ahead of facing Chelsea . Wenger and Mourinho rowed on the touchline in October's 2-0 win for Chelsea in the reverse fixture . 'I think we have not always lost in 12 attempts. We have been close,' Wenger said. 'Having said that, the result on Sunday will just be down to the performance on the day. We are on a good run and we have an opportunity at home to beat them and we want to take it. 'We have a good run of form and good belief and solidarity. We have passed many tests recently when we were questioned. We have another test on Sunday that we want to pass. 'Chelsea's strengths are they have been very efficient on counter attacks and set-pieces as well. We have to nullify their strengths.' Asked about his frosty relationship with Mourinho, Wenger said: 'I do not want to talk about that. What is interesting for people is when the game starts at 4pm we have a great game. It is not about the relationship between the managers.' The managers of London's two biggest clubs have long had a frosty relationship in the opposing dugouts . Cesc Fabregas set up Diego Costa to seal a 2-0 victory for Chelsea against Arsenal earlier this season . Arsenal are 10 points behind Chelsea but come into the game on the back of excellent form. Wenger said: 'Look, mathematically it will be possible, yes, but Chelsea has their future and the championship in their hands. We can get closer and we have an opportunity to do that at home and want to take it.' Wenger added: 'They have been very consistent until now. They have fewer losses than any team. The Premier League rewards consistency. On that front they gave been defensively very strong and consistent.' Fabregas gets ahead of his now-team-mate Branislav Ivanovic to score against Chelsea for Arsenal in 2010 . Sunday's game marks the return of former Arsenal midfielder Cesc Fabregas, who will be wearing Chelsea blue at the Emirates for the first time. Fabregas left for Barcelona in 2011. Arsenal supporters are expected to give their former hero a hot reception after he joined their fierce rivals, but Wenger has asked for some respect for one of their best players of the last decade. 'I want every player to be respected, and Cesc Fabregas when he comes to the Emirates on Sunday to be respected like he deserves,' he said. Asked if he regretted not signing Fabregas in the summer when he had the option to, Wenger added: 'The regret I have is that he wanted to leave here. 'This club and myself had a very positive influence on Cesc’s life, so I would be a bit uncomfortable to have to justify today why he is not here. I believe I would rather it was the other way around.' Wenger is without Alex Oxlade-Chamberlain and Mikel Arteta on Sunday, while Per Mertesacker is rated as '50-50' by his manager having not trained at all this week. Gunners fans welcome back Fabregas with Barcelona, but the reception is likely to be more frosty this time .","Arsenal face table-topping Chelsea at the Emirates Stadium on Sunday .
Cesc Fabregas returns to the Emirates with Chelsea for the first time .
Arsene Wenger says his record against Jose Mourinho will have no impact .
Alex Oxlade-Chamberlain and Mikel Arteta are set to miss out on the game .
Per Mertesacker is '50-50' for the game having not trained at all .
READ: 'Proud' Alexis Sanchez targets 'many titles' with Arsenal .","Arsene Wenger has drawn five and lost seven of his 12 clashes with Jose Mourinho ahead of facing Chelsea . Asked about his frosty relationship with Mourinho, Wenger said: 'I do not want to talk about that. Sunday's game marks the return of former Arsenal midfielder Cesc Fabregas, who will be wearing Chelsea blue at the Emirates for the first time.", Arsenal host Chelsea at the Emirates Stadium on Sunday afternoon . Arsene Wenger has failed to win in 12 games against Jose Mourinho . Wenger has drawn five and lost seven of his 12 clashes with Mourinho at Stamford Bridge . Wenger and Mourinho rowed on the touchline in October's 2-0 win for Chelsea in the reverse fixture .,0.18181818181818182,0.28125
"Yaya Toure will not be forced out of Manchester City, but the club are set to make the midfielder available this summer. Sportsmail revealed earlier this week that the Barclays Premier League champions will listen to offers for the Ivorian as they look to reshape their squad after a disappointing season. But Toure will fight for his City career this summer despite the club pondering his future. Yaya Toure will not be forced out of Manchester City, but the club are set to make him available this summer . Sportsmail revealed earlier this week that the  Premier League champions will listen to offers for the Ivorian . He is said to be content with life at the Etihad Stadium despite the difficulties and is in no rush to leave. The Ivorian has played a major role during City's recent trophy-laden period, helping the club to two Premier League titles, an FA Cup and League Cup since joining from Barcelona in 2010. And the powerhouse midfielder still believes he can have a major impact for City in the future and remains fully committed to the cause. Another stumbling block towards a potential move is the four-time African Player of the Year winner's wages. Inter Milan, managed by Roberto Mancini, are interested but given his huge wages there are some doubts . Toure has more than two years left on his current £220,000-a-week deal and is unlikely to move for anything less. A number of clubs, such as Inter Milan, are interested in the 31-year-old, but given his huge salary there must be doubts over whether they would be able to afford it. Inter are prepared to offer Toure a five-year deal to compensate for the pay-cut he would be required to take if he moved to Italy — although, it remains to be seen whether he'd agree to such a compromise. There have been preliminary talks about a contract extension for Toure at City — which included the possibility of an ambassadorial role when he hangs up his boots. But it seems the club are now happy for him to leave. City, meanwhile, will resist any attempt by Valencia to pull out of a £24million deal for Alvaro Negredo to fund a move for Radamel Falcao, currently on loan at Manchester United. City will resist any attempt by Valencia to pull out of a £24million deal for Alvaro Negredo this summer . Negredo joined Valencia on loan last summer and the agreement included a clause involving a permanent move to the Mestalla. Reports in Spain  suggested that Valencia are having second thoughts about keeping Negredo next season, but City are adamant that the deal will go through as planned. The 29-year-old striker scored 23 goals in his first season at the Etihad following a £20.6m move from Sevilla, but he has only found the net five times for Valencia. When he scored in Monday’s 3-0 win over Levante, the Spain striker refused to celebrate, fuelling speculation over his future at the club. Negredo joined Valencia on loan last summer but reports in Spain say they are looking at Radamel Falcao . Victory kept Valencia in fourth place in La Liga and on course to qualify for the Champions League, but financial problems mean they are already struggling to hold onto key players like defender Nicolas Otamendi. It has, however, not stopped Valencia being linked with a summer move for Falcao, who is set to leave United at the end of his season-long loan from Monaco. Falcao’s agent Jorge Mendes has been acting as an advisor to Valencia owner Peter Lim and offloading Negredo is seen as one way of affording the Colombia star. City had scouts at Porto, watching their 3-1 Champions League win over Bayern Munich on Wednesday night, with the home team’s Brazilian left-back Alex Sandro said to be the main focus of interest. City had scouts at Porto with Brazilian left-back Alex Sandro said to be the main focus of interest for them .","Manchester City are willing to listen to offers for Yaya Toure this summer .
The Premier League champions are looking to reshape their squad .
Toure is determined not to be forced out of the door despite tough year .
His £220,000-a-week deal will cause stumbling block to potential move .
Inter Milan are keen on signing him but there are doubts over their bid .
City will resist any attempt by Valencia to pull out of Alvaro Negredo deal .","Yaya Toure will not be forced out of Manchester City, but the club are set to make the midfielder available this summer. Yaya Toure will not be forced out of Manchester City, but the club are set to make him available this summer . City, meanwhile, will resist any attempt by Valencia to pull out of a £24million deal for Alvaro Negredo to fund a move for Radamel Falcao, currently on loan at Manchester United."," Yaya Toure will not be forced out of Manchester City, but the club are set to make him available this summer . Premier League champions will listen to offers for the Ivorian . Toure has more than two years left on his current £220,000-a-week deal . Inter Milan, managed by Roberto Mancini, are interested but given his huge wages there are some doubts . City will resist any attempt by Valencia to pull out of a £24million deal for Alvaro Negredo to fund a move for Radamel Falcao, currently on loan at Manchester United .",0.368421052631579,0.4444444444444445
"The majority of people taking antidepressants may not actually have depression, a new study claims. Researchers discovered more than two-thirds (69 per cent) of people taking antidepressants did not meet the criteria for major depressive disorder, which is also known as clinical depression. Antidepressants are also prescribed for other psychiatric disorders. But the researchers found 38 per cent of those taking the drugs did not meet the criteria for obsessive compulsive disorder, panic disorder, social phobia or generalised anxiety disorder either. Scroll down for video . More than two thirds of people taking antidepressants did not meet the criteria for clinical depression . The U.S. investigators looked at those taking selective serotonin reuptake inhibitors (SSRI), the most commonly prescribed type of anti-depressant. SSRIs are usually the first choice medication for depression and other psychiatric conditions because they generally have fewer side effects than most other types of antidepressant. Writing in the report,  published in the Journal of Clinical Psychiatry, the researchers concluded: ‘Many individuals prescribed antidepressants may not have met the criteria for mental disorders. ‘Our data indicates that antidepressants are commonly used in the absence of clear evidence-based indications.’ Commenting on the study, Dr Howard Forman, medical director of the Addiction Consultation Service at Montefiore Medical Center, said clinical depression is distinct from temporary feelings of sadness. He told Medical Daily: 'We all experience periods of stress, periods of sadness, and periods of self-doubt. 'These don’t make us mentally ill, they define us as human.' In the U.S., official guidelines say clinical depression should be diagnosed if a person has five or more depressive symptoms over a two week period, most of the day, nearly every day. The symptoms include a depressed mood; a loss of interested or pleasure in activities; weight loss, weight gain or changes in appetite; insomnia or increased desire to sleep. In the U.S., official guidelines say clinical depression should be diagnosed if a person has five or more depressive symptoms over a two week period, most of the day, nearly every day. The symptoms include a depressed mood; a loss of interest or pleasure in activities; weight loss, weight gain or changes in appetite; insomnia or increased desire to sleep. Other symptoms include restlessness or slowed behaviour; fatigue or loss of energy; feelings of worthlessness or excessive guilt; difficulty making decisions or trouble concentrating, and thoughts of death or suicide. Other symptoms included restlessness or slowed behaviour; fatigue or loss of energy; feelings of worthlessness or excessive guilt; difficulty making decisions or trouble concentrating, and thoughts of death or suicide. Prescriptions for anti-depressants have more than trebled since 1998 in the world’s richest countries, a study by the Organisation for Economic Co-operation and Development found. The research noted a particular rise in in the use of SSRIs like Prozac and Seroxat. The OECD figures showed Iceland to have the highest prescribing rate, at 106 doses a day for every 1,000 inhabitants in 2011, up from 71 a decade earlier. Behind Iceland is Australia, then Canada, Denmark, Sweden and Portugal. The lowest levels were seen in Chile and South Korea. Separate data from the US shows 11 per cent of Americans over 12-years-old use anti-depressants. As part of the new study, doctors used data from the Baltimore Epidemiologic Catchment Area (ECA) Study Wave 1, which began in 1981, up to Wave 4, which ended in 2005. In total, they used data on 1,071 participants, carrying out four interviews and assessing the use of antidepressants. They found 13 per cent of people in the group reported using antidepressants. The study found 38 per cent of SSRI users did not meet the criteria for obsessive compulsive disorder, panic disorder, social phobia or generalized anxiety disorder or clinical depression (file photo) It's thought that SSRIs work by increasing the levels of a chemical called serotonin in the brain. Serotonin is a neurotransmitter (a messenger chemical that carries signals between nerve cells in the brain). It's thought to have a good influence on mood, emotion and sleep. After carrying a message, serotonin is usually reabsorbed by the nerve cells (known as 'reuptake'). SSRIs work by blocking ('inhibiting') reuptake, meaning more serotonin is available to pass further messages between nearby nerve cells. The NHS Choices website while it would be too simplistic to say that depression and related mental health conditions are caused by low serotonin levels, a rise in serotonin levels can improve symptoms and make people more responsive to other types of treatment. Source: NHS Choices . They then assessed whether the people in this group met the criteria for a mental disorder, as laid out in the latest edition of the Diagnostic and Statistical Manual of Mental Disorders, the U.S. bible for psychiatric conditions. They found that 38 per cent of SSRI users did not meet the criteria for a mental disorder, and 69 per cent did not meet the criteria for major depressive disorder. The news comes after a study found women who take antidepressants during pregnancy are more likely to have a baby with autism. The U.S. study supports previous research which has shown that taking SSRI antidepressants during pregnancy increases a woman’s risk of having a child with the developmental disability. And other American research revealed young adults taking high-dose antidepressants such as Prozac and Seroxat have double the risk of suicidal behaviour. Researchers pointed to previous studies, which found antidepressant drugs are linked with an increased risk of suicidal behaviour and thoughts in children and adolescents, particularly in the early stages of treatment.","Study analysed those taking selective serotonin reuptake inhibitors (SSRIs)
Found 69% did not meet the criteria for clinical depression .
And 38% did not meet the criteria for other mental conditions like anxiety .
Experts: 'Drugs are prescribed without an evidence-based diagnosis'","Researchers discovered more than two-thirds (69 per cent) of people taking antidepressants did not meet the criteria for major depressive disorder, which is also known as clinical depression. More than two thirds of people taking antidepressants did not meet the criteria for clinical depression . The study found 38 per cent of SSRI users did not meet the criteria for obsessive compulsive disorder, panic disorder, social phobia or generalized anxiety disorder or clinical depression (file photo) It's thought that SSRIs work by increasing the levels of a chemical called serotonin in the brain."," U.S. investigators looked at those taking selective serotonin reuptake inhibitors (SSRI) SSRI is the most commonly prescribed type of anti-depressant . They found 38% of SSRI users did not meet criteria for OCD, panic disorder, social phobia or generalised anxiety disorder . Antidepressants are also prescribed for other psychiatric disorders . Prescriptions for the drugs have more than trebled since 1998 in the world’s richest countries .",0.2518518518518518,0.3364485981308411
"Lionel Messi is not the best player in the world, neither is Cristiano Ronaldo - that title belongs to Paris Saint-Germain forward Javier Pastore, according to Eric Cantona. Making a rare foray into discussing football matters, Manchester United legend Cantona delivered his surprising verdict that the Argentine was the ‘most creative’ player in the world. ‘The best player in the world, the most exciting player in the world, is [Javier] Pastore from Paris Saint-Germain,’ said Cantona, ‘Why? Because I watched two games just to see Pastore playing, giving passes. He has got something special. Because football is interactive, it's why football is so popular, I think.’ Javier Pastore (right) celebrates after winning the French League Cup with PSG last Saturday . The Argentina international is the best player in the world, according to former striker Eric Cantona . The former Manchester United forward was speaking at the Laureus World Sports Awards in Shanghai . Pastore, who cost the French league leaders £29million, has three goals and five assists this season compared with Messi’s 45 goals for Barcelona and Cristiano Ronaldo’s 51 for Spanish rivals Real Madrid. But statistics did not colour Cantona’s assessment. ‘Pastore can do things that the other ones don't know, he does things that surprise you every time. Not only in scoring goals, spectacular goals - everything. Just passing. He's a very creative player. He's the most creative player, I think, in the world today. It's why I think he's the best player in the world, because I love this kind of player.’ Cantona was third in the Ballon d’Or in 1993 behind Roberto Baggio and Dennis Bergkamp. He won the Premier League four times with United before retiring from playing aged 30. No stranger to prompting debate, Cantona invited more controversy by suggesting Spain had only won the World Cup because of the influence of Barcelona on the national team. Cristiano Ronaldo was crowned the best player in the world for 2014 at the award ceremony in January . The Real Madrid forward has scored 51 goals in all competitions this season . Barcelona forward Lionel Messi has also been overlooked by Cantona despite netting 45 times this season . ‘Catalonia won the World Cup,’ said Cantona, speaking at the Laureus World Sports Awards in Shanghai. ‘Spain won it with 10 Barcelona players in the team. Spain did not win the World Cup, Catalonia did. Barcelona won it. ‘My grandparents are from Catalunya, from Barcelona. They arrived in France in '39. There was a civil war. So, I am very proud of Barcelona and all that they have done. ‘I’m sure that as soon as the youth set-up from Barcelona and other Spanish teams draw new, good players, Spain will emerge again.’","Eric Cantona says PSG midfielder Javier Pastore is world's best player .
Pastore cost the French champions £29million from Palermo in 2011 .
Argentine has scored three goals and made five more this season .
Pastore is the most creative player in the world according to Cantona .
Frenchman also says Spain only won World Cup because of Barcelona .","Lionel Messi is not the best player in the world, neither is Cristiano Ronaldo - that title belongs to Paris Saint-Germain forward Javier Pastore, according to Eric Cantona. ‘The best player in the world, the most exciting player in the world, is [Javier] Pastore from Paris Saint-Germain,’ said Cantona, ‘Why? ‘Catalonia won the World Cup,’ said Cantona, speaking at the Laureus World Sports Awards in Shanghai.", Eric Cantona says Javier Pastore is the best player in the world . The Manchester United legend was speaking at the Laureus World Sports Awards in Shanghai . Cristiano Ronaldo and Lionel Messi have both been overlooked by Cantona . The Real Madrid forward has scored 51 goals in all competitions this season .,0.26016260162601623,0.2830188679245283
"It’s a shame to see another talented young player being photographed taking ‘hippy crack.’ It might be legal but it’s still a drug. If you want to be a top athlete you don’t want that in your body. In a strange way, maybe this story will actually help keep Jack Grealish’s feet on the ground. He was outstanding against Liverpool but it was one game — he has not made it yet. Jack Grealish (left) has become the third top flight starlet caught on camera inhaling nitrous oxide . Grealish starred for Aston Villa in their FA Cup semi-final win over Liverpool on Sunday at Wembley . At Arsenal, Arsene Wenger changed the attitude completely. He said as professional athletes we had a duty to look after our bodies. Alcohol was described as poison — it slows down your body when it needs to be perfectly tuned. You eat what’s required to refuel, not for pleasure. Of course you still get players who want to enjoy themselves but there has to be a cut-off point. When I see Jack play it’s no surprise that he is full of confidence. He has a big future but he has to make the right choices. That’s how you make sure you are on the back pages, not the front. Emre Can of Liverpool tries to tackle Grealish during their FA Cup tie with Aston Villa at Wembley .","Aston Villa teenager Jack Grealish was pictured taking 'hippy crack'
Grealish was in impressive form in Aston Villa's win over Liverpool .
Villa boss Tim Sherwood has warned Grealish over his future behaviour .",If you want to be a top athlete you don’t want that in your body. Grealish starred for Aston Villa in their FA Cup semi-final win over Liverpool on Sunday at Wembley . Emre Can of Liverpool tries to tackle Grealish during their FA Cup tie with Aston Villa at Wembley ., Jack Grealish has become the third top flight starlet caught on camera inhaling nitrous oxide . Aston Villa beat Liverpool 1-0 in their FA Cup semi-final at Wembley on Sunday . The 23-year-old has a big future but he has to make the right choices . Arsene Wenger said professional athletes had a duty to look after their bodies .,0.16470588235294117,0.15053763440860216
"Men with advanced prostate cancer could benefit from a pioneering drug originally meant for women. Clinical trials show that olaparib can delay the moment when the disease gets dangerously out of control. The drug already works for women with cancer fuelled by BRCA gene mutations, the defect that led to actress Angelina Jolie having her ovaries removed. New ‘exciting’ new research suggests the drug, already used to treat women with breast cancer, could also help men with genetic faults within their prostate cancer (pictured) tumours . Up to 30 per cent of men with advanced prostate cancer have tumours that have DNA defects and these respond particularly well to olaparib. The London trial of olaparib, which is owned by AstraZeneca, was led by researchers at the Institute of Cancer Research and the Royal Marsden hospital. They found 16 out of 49 men with advanced prostate cancer responded to the drug, also known as Lynparza. It stopped prostate cancer growth, generating lower tumour cell counts in the blood and improved responses in medical scans. The drug - called olaparib - can extend the length of time that a prostate cancer patient lives with the disease without it getting worse, according to new clinical trials. Olaparib is the first cancer drug to target inherited genetic mutations. It is one of the first of a new class of drugs called PARP inhibitors. PARP inhibitors work by blocking the cancer cell’s ability to repair damage. Cancer cells that have a mutation in a BRCA gene rely completely on the PARP protein to fix the damage. PARP inhibitor drugs suppress this protein and can stop BRCA mutated cells from growing so they eventually die. Side effects from traditional anti-cancer treatments are reduced because only cancer cells with genetic defects are targeted. Most of the men who had detectable DNA repair mutations had disease control lasting much longer than expected. This suggests the men most likely to benefit from the drug could be identified by testing to look for mutations. Olaparib became the first of a new class of drugs called PARP inhibitors to be granted approval last month for use in ovarian cancer by the European Commission and the US Food and Drug Administration. The inhibitors work by blocking the cancer cell’s ability to repair damage. Cancer cells that have a mutation in a BRCA gene rely completely on the PARP protein to fix the damage. The inhibitor drugs suppress this protein and can stop mutated cells from growing. Side effects from traditional anti-cancer treatments are reduced because only tumour cells with genetic defects are targeted. Professor Johann de Bono, who was the trial chief investigator, said: ‘This opens up the exciting possibility of delivering precise treatment for advanced prostate cancer, guided by genomic testing and based on the molecular characteristics of patients’ tumours. 'It shows that PARP inhibitors can be effective in a wider group of patients than had been thought – in men as well as women, patients with mutations in their tumours as well as those with inherited mutations, and in those with a wider range of gene defects.’ The drug, olaparib, is the first cancer drug to target inherited genetic mutations. It works by blocking the cancer cell’s ability to repair damage . Dr Emma Hall of the Institute of Cancer Research said: ‘We’ve seen a significant improvement in the length of good quality life men can hope to live even with the most advanced prostate cancers. 'These encouraging results show that olaparib could be the next drug to add to those already available.’ The results of the trial were presented at the American Association of Cancer Research conference in Philadelphia. The National Institute for Health and Care Excellence will now decide whether olaparib should become widely available on the NHS. A decision is expected in September. Dr Iain Frame of Prostate Cancer UK said: ‘We want to get to a stage where every man gets the treatment he needs for his specific cancer.’ Researchers did not specify the length of time for which olaparib was able to stop advanced prostate cancer worsening.","Olaparib is the first cancer drug to target inherited genetic mutations .
Up to 30 per cent of men with advanced prostate cancer have tumours with genetic defects  - and they responded well to olaparib .
Drug prolongs time a sufferer can live without disease getting worse .","Olaparib is the first cancer drug to target inherited genetic mutations. PARP inhibitors work by blocking the cancer cell’s ability to repair damage. 'It shows that PARP inhibitors can be effective in a wider group of patients than had been thought – in men as well as women, patients with mutations in their tumours as well as those with inherited mutations, and in those with a wider range of gene defects.’ The drug, olaparib, is the first cancer drug to target inherited genetic mutations."," Olaparib can delay the moment when the disease gets dangerously out of control . The drug already works for women with cancer fuelled by BRCA gene mutations, the defect that led to actress Angelina Jolie having her ovaries removed . 16 out of 49 men with advanced prostate cancer responded to the drug, also known as Lynparza . It stopped prostate cancer growth, generating lower tumour cell counts and improved responses in medical scans .",0.31249999999999994,0.2434782608695652
"Former England captain Mike Gatting believes Kevin Pietersen should not walk straight back into the international set-up, even if he piles on the runs for Surrey this season. Pietersen has returned to the LV= County Championship in a bid to stake a claim for an England recall, although the 34-year-old only managed 19 runs against Glamorgan on Sunday. England were held to a draw in the opening Test of a three-match series against West Indies last week, and calls for a Pietersen comeback continue to linger ahead of the Ashes this summer. Kevin Pietersen scored 170 in his first outing for Surrey this season but scored just 19 against Glamorgan . 'There are a few bridges that still need to be rebuilt,' said Gatting, who had just penned a congratulation message to James Anderson, England's leading Test wicket-taker, as part of Slazenger's celebratory flag tour. 'Even if KP scores runs there might not be spaces available. If Gary Ballance, Ian Bell and Joe Root play well, there might not be a place for him. 'You've got to have somebody who isn't playing well to get Pietersen in. 'He doesn't just come straight back - that would be unfair on the people in there at the moment. 'If he does get runs, fine, but that's not the end of it. 'If people are playing well in the team, why should he just get straight in?' Pietersen is keen to play for England again after being sacked in 2014 . Bell and Ballance both hit centuries in Antigua while Root also showed signs of good form with scores of 83 and 59. The scorecard was less encouraging for England captain Alastair Cook, however, who could only manage 11 and 13, stretching his run without a Test century to 33 innings. Cook's poor performances saw him removed as One-Day captain before the World Cup earlier this year and Gatting admits more questions will be asked of the England skipper if he fails to find runs against West Indies. 'Alastair knows what he's got to do, he's got to get some runs,' Gatting said. 'We can keep speculating but I suspect at the end of the West Indies series, they'll look at it and if he hasn't got any runs there might be some questions asked. Gary Ballance scored a century in the first Test against West Indies . 'He might possibly get the series against New Zealand - the fact is Alastair has got more 100s than anyone else has and people do go through bad patches in their careers. 'Alastair has had a break, when he was left out of the One-Day series, he's had time to get himself sorted. 'Maybe he needs a break from the captaincy, that's for people to sit and decide, I suspect it's about the runs though, not the captaincy. 'He's a well-respected man in the team, the fact is he's a batsman, he's a captain and if he fails to get the runs somebody will have to make a decision.' Cook's future may be affected by who the England and Wales Cricket Board chooses for the new director of cricket role, created to replace sacked managing director Paul Downton. Mike Gatting has signed a giant flag congratulating Jimmy Anderson on becoming the leading England wicket taker in Test matches . Michael Vaughan, Andrew Strauss and Alec Stewart have all been mentioned in connection with the post, but Gatting is unsure what the point of the position will be. 'I've tried to think what the role could be,' Gatting said. 'If it's going to be someone more hands on with the team, how is that going to affect the coach? 'Can it be any different to the job Paul Downton did? You do need someone in charge of the overall structure. 'At the end of the day, it's all about the players - it's about how they perform. 'I just hope the ECB don't rush into the decision and they get the right person, because different people will do a different type of job.' Former MCC president Mike Gatting was signing Slazenger's 'Congratulations Jimmy' flag which will be touring the country this week. Slazenger is celebrating Jimmy Anderson becoming England's all-time leading Test wicket-taker by giving 10 per cent off its entire cricket range. Visit store.slazenger.com and follow @SlazengerSport for more details.","Kevin Pietersen scored 19 runs for Surrey against Glamorgan .
Mike Gatting says if players are doing well for England then they should keep their place .
Pietersen was sacked by England following the 2013/14 Ashes Tour .","Former England captain Mike Gatting believes Kevin Pietersen should not walk straight back into the international set-up, even if he piles on the runs for Surrey this season. 'There are a few bridges that still need to be rebuilt,' said Gatting, who had just penned a congratulation message to James Anderson, England's leading Test wicket-taker, as part of Slazenger's celebratory flag tour. 'Alastair knows what he's got to do, he's got to get some runs,' Gatting said.", Kevin Pietersen scored 170 in his first game for Surrey this season . The 34-year-old only managed 19 against Glamorgan on Sunday . Pietersen is keen to play for England again after being sacked in 2014 . Mike Gatting signed a giant flag congratulating James Anderson on becoming England's leading Test wicket-taker .,0.13445378151260506,0.2471910112359551
"No blame: Baroness Hale of Richmond said that she wanted to see the bitterness taken out of most matrimonial disputes . Divorce laws in England and Wales should remove the need for allegations of adultery and blame, Britain’s most senior female judge has said. Baroness Hale of Richmond said that she wanted to see the bitterness taken out of most matrimonial disputes so a person does not need to be held at fault in order to obtain a divorce. Divorcing couples currently have to cite one of five reasons: adultery; unreasonable behaviour; desertion for two or more years; two years’ separation with consent; or five years’ separation without consent. The second reason – unreasonable behaviour’ – is by far the most widely used. Around 120,000 couples divorce in England and Wales each year and those who want to divorce quickly are encouraged to cite unfaithfulness or unreasonable behaviour, which, critics argue, encourages recriminations. Lady Hale, who is deputy president to the Supreme Court and the only woman among the 12 Supreme Court justices, also wants couples to be made to sort out arrangements for children and money before obtaining a divorce as part of the overhaul. She told The Times: ‘We should make it take longer to get a divorce and encourage people to sort out what happens to the home, children, money before, rather than after, they get a divorce.’ Couples would have a one-year ‘cooling off period’ after declaring that their marriage had permanently broken down in order for them to sort out arrangements. Lady Hale, 70, was behind the move for ‘no fault’ divorce in England and Wales 20 years ago. Conservative MPs saw off the proposals and said that removing fault would take away responsibility and undermine the concept of marriage. Last night campaigners and lawyers backed the proposed overhaul. Resolution: Lady Hale also wants arrangements for children and money resolved before divorce is finalised . Sir Paul Coleridge, former family High Court judge and chairman of the Marriage Foundation, told The Times: ‘Lady Hale, a complete expert with decades of experience across this whole field, is entirely right. ‘Our current system which pretends to be fault-based is in practice and reality no such thing. 'The fault is largely invented to get a quick divorce — a hangover from pre-1970 days which is manipulated by lawyers and parties.’","Baroness Hale of Richmond wants to see 'bitterness' taken out of disputes .
The current system means one person must be 'at fault' in a divorce .
Lady Hale suggests  year's 'cooling off' after declaring relationship's end .
She also wants plans for children and money sorted before divorce is given .","Baroness Hale of Richmond said that she wanted to see the bitterness taken out of most matrimonial disputes so a person does not need to be held at fault in order to obtain a divorce. Lady Hale, who is deputy president to the Supreme Court and the only woman among the 12 Supreme Court justices, also wants couples to be made to sort out arrangements for children and money before obtaining a divorce as part of the overhaul. Lady Hale, 70, was behind the move for ‘no fault’ divorce in England and Wales 20 years ago."," Baroness Hale of Richmond wants to see bitterness taken out of most matrimonial disputes . She also wants couples to sort out arrangements for children and money before getting a divorce . Around 120,000 couples divorce in England and Wales each year .",0.39726027397260266,0.46153846153846156
"Manny Pacquiao has become one of the most recognisable stars in the world of sport after a series of mega-fights and another one to follow on Saturday night against Floyd Mayweather at the MGM Grand in Las Vegas. The Filipino has been involved in some of the biggest bouts in the world over the past decade or so, facing the likes of Oscar De La Hoya, Ricky Hatton, Miguel Cotto and four fights against Mexican warrior Juan Manuel Marquez. But it's been a tough road to the top for Pacquiao from being born into poverty in the Philippines. He spent the early part of his career boxing in the Far East before being given his chance on the big stage in 2001 against Lehlo Ledwaba in an IBF world super-bantamweight title fight in Las Vegas. Manny Pacquiao pictured as a teenager in a boxing gym in Manila before he became a global superstar . The FIlipino boxer working out at the LM Gym in Manila, Philippines as a 17-year-old before he fought his way to the top of the game . Pacquiao has made a remarkable rise through the weight divisions from being an incredibly slight light-flyweight when he made his debut . Pacquiao left home aged 14 to move to the Philippines capital Manila to pursue his career in the sport which has made him an icon . The 36-year-old spent his early career fighting in the Far East before being given his chance on the big stage in Las Vegas in 2001 . Pacquiao pictured as a 17-year-old in the LM Gym in Manila when mega-fights, like the one against Floyd Mayweather, were just a dream . Who do you think WILL win the fight between Floyd Mayweather and Manny Pacquiao? Who do you think WILL win the fight between Floyd Mayweather and Manny Pacquiao? Now share your opinion . Ever since dethroning the South African world champion on that June night at the MGM Grand 14 years ago, Pacquiao hasn't looked back and is set to take on Mayweather in the Fight of the Century on Saturday. Just days away from the $300million showdown on the Vegas Strip, pictures have emerged of Pacquiao as a teenager in a Manila boxing gym, when occasions such as this Saturday night were just a dream. Pacquiao moved away from home a the age of 14 to the country's capital Manila to pursue his boxing career and the rest, as they say, is history. The 36-year-old is now one of the biggest stars in the world. These incredible pictures show Pacquiao training at the LM Gym in Manila in 1996 at the age of 17 after he won his first 10 professional bouts - all of which were in 1995. In the same year that these pictures were taken, Mayweather was preparing to box at the 1996 Olympic Games in Atlanta, which ended for him in a controversial loss  against Serafim Todorov in the semi-finals. Nineteen years later, Mayweather and Pacquiao will finally cross paths in the biggest fight of this generation. The pair will make their first public appearances of the week on Tuesday as the bout draws ever closer. Boxing fans have already begun pouring into Las Vegas to taste the atmosphere building around the richest fight in history, even though only 500 tickets for the clash were made available for general sale. Pacquiao will host a fans' rally on Tuesday at the Mandalay Bay Hotel with trainer Freddie Roach, promoter Bob Arum and his pet Jack Russell Pacman also present. Attention then turns to the MGM Grand, the venue for the fight on Saturday and where Mayweather will be making his grand arrival. The welterweight rivals were both due to attend the traditional grand arrival that marks the beginning of fight week only for Arum to withdraw Pacquiao, claiming the event is a 'waste of time'. Arum also pulled the plug on a media conference call with Pacquiao last week before a question had been asked, while Mayweather spoke for almost half an hour the following night. The one upmanship is sure to continue until fight day. Pacquiao has been involved in some of the biggest fights over the last decade but Saturday's occasion will eclipse all of them . The teenage version of Pacquiao before he went on to become a world champion and achieve massive success on the world stage . Mayweather in action at the 1996 Olympic Games in Atlanta, where he won a bronze medal after being beaten by Serafim Todorov . Pacquiao arriving at the Mandalay Bay in Las Vegas on Monday night after a 270-mile bus journey from Los Angeles . The 36-year-old was mobbed upon arrival in Las Vegas at the Mandalay Bay hotel, which will be his base for the week . Pacquiao's luxury bus leaves his training base in Los Angeles to set off for Las Vegas on Monday afternoon ahead of the fight . The MGM Grand's Garden Arena on the world famous Las Vegas strip will host the $300million mega-fight on Saturday . The MGM Grand prepares for another huge fight, but this one has been described as the biggest single event in Las Vegas history . Pacquiao with his trainer Freddie Roach at the Wild Card Gym in his final session before leaving Los Angeles . An Air Asia aircraft at Ninoy Aquino International Airport just south of Manila covered in a tribute to the Filipino boxing superstar .","Manny Pacquiao will take on Floyd Mayweather at the MGM Grand in Las Vegas on Saturday .
The Filipino boxer is one of the biggest stars in the world of sport after a series of big fights .
Pacquiao spent his early years boxing in Manila in the Philippines and was pictured training as a 17-year-old .
Pictures taken in 1996 show Pacquiao training at the LM Gym in Manila before he became a star .
The 36-year-old arrived in Las Vegas on Tuesday after a 270-mile journey from Los Angeles on his luxury bus .
CLICK HERE for all the latest Manny Pacquiao vs Floyd Mayweather news .","Manny Pacquiao has become one of the most recognisable stars in the world of sport after a series of mega-fights and another one to follow on Saturday night against Floyd Mayweather at the MGM Grand in Las Vegas. Pacquiao pictured as a 17-year-old in the LM Gym in Manila when mega-fights, like the one against Floyd Mayweather, were just a dream . Who do you think WILL win the fight between Floyd Mayweather and Manny Pacquiao?"," Manny Pacquiao will take on Floyd Mayweather at the MGM Grand in Las Vegas on Saturday night . The 36-year-old has become one of the biggest stars in the world after a series of mega-fights . Pictures have emerged of the Filipino boxer as a teenager in a Manila boxing gym, when occasions such as this Saturday night were just a dream . The pair will make their first public appearances of the week on Tuesday as the bout draws closer .",0.36363636363636365,0.42328042328042326
"These shocking photographs show the bed where a severely disabled boy was left to sleep for seven nights in hospital. They show two mattresses squeezed together on the cramped hospital floor, with wires from an oxygen tank and tubes dangling across the room. Cody Neatis, from Preston, was admitted to Royal Preston Hospital last Thursday with a chest infection. But rather than a bed in the children's ward, has had to sleep on a mattress on the floor since arriving. The eight-year-old - who has Down's syndrome, epilepsy, autism and is fed by a tube - has been without a hospital bed because staff do not have the special cot he needs to keep him safe in his sleep. Cody Neatis, eight, has been in hospital for a week with a chest infection but has had to sleep on a mattress on the floor as the hospital doesn't have a suitable bed for him to sleep in . Cody has Down's syndrome, epilepsy, autism and is fed by a tube. The hospital does not have the specialist high-sided cot he must sleep in, to prevent him from injuring himself in the night . Cody's mother, Lynne Neatis, 48, has had to sleep with Cody - who has a developmental age of 12 months - on the mattress. She watches him sleep in case he pulls out his oxygen or hurts himself in the night . His mother, Lynne, 48, has slept on the floor alongside him for the past week. She fears her son - who has a developmental age of around 12 months - will injure himself or pull out his oxygen. She is now demanding answers from the local health trust as she claims she has waited two years for the high-sided bed needed for Cody and other disabled children. The mother-of-six said: 'Cody was admitted to hospital last Thursday and we were told there was no special needs bed for him. 'This situation has been ongoing  for years with this hospital and I don't understand why they still don't have a suitable bed. 'We had to stay in for nine days in August 2013, I complained about it then and was told that the ward was getting a special needs bed. 'So I fully expected them to have it this time, but there is still nothing.' She added: 'They have baby cots and single beds with side rails, but they aren't safe as Cody rolls around so much in his sleep and is restless all night long. 'I have to sleep on the floor with him and I have had to fight for a nurse or health care assistant to be with us during the night to watch him too as I can't stay awake for 24 hours. 'It has been a very stressful and exhausting time.' Cody's father Stephen Neatis, 45, said he 'cannot believe' his family are forced to sleep on the floor during their stay in hospital . Cody's mother says she has been battling the hospital for a special bed ever since Cody was forced to stay there two years ago in 2013 . While Mrs Neatis is furious at the lack of provisions for disabled children, the hospital trust insists it has ordered a suitable bed from America and is waiting for it to arrive. Karen Partington, chief executive at Lancashire Teaching Hospitals NHS Foundation Trust, which runs the hospital, said other sleeping arrangements had been offered, but the family had agreed a mattress on the floor would be the safest option at this point. She added: 'We offered Mum the options of a traditional bed plus 1:1 nursing staff and we also brought in a special bed again with 1:1 nursing. 'We believe we have appropriate beds available to meet the needs of Cody along with appropriate nursing support. 'However based on the options available her preference was for Cody to have a mattress on the floor.' Mrs Neatis and husband Stephen, 45, are full time carers not only to Cody, but his brother Dexter, seven, who is also disabled and has autism and ADHD. Cody has to be tube fed and cannot be left unattended. At home he sleeps in a specialist bed which cost more the family more than £3,000. Mr Neatis said he cannot believe his family are forced to sleep on the floor during a stay in hospital. Cody, pictured here with his father, has to be tube fed and can't be left unattended. At home he sleeps in a specialist bed which cost more the family more than £3,000. Mrs Neatis says she has had to ask for staff to come and help her watch Cody sleep, as she can't stay awake 24 hours a day . He said: 'I just can't believe that there is nothing to cater for him, or that they wouldn't try to at least get something for him during the stay. 'I got a call from Lynne and she is having to stay with him on the floor. 'We have one of the special needs beds at home and I saw the two guys assemble it, it took half an hour so it wouldn't be a big job to move one. There must be one somewhere.' Mrs Neatis threatened to take Cody home after finding out the sleeping arrangements but his oxygen levels fall dangerously low when he is taken off the ventilator so he cannot be discharged. She said she was told the hospital did get a special bed and used it on a trial basis, but it proved unsatisfactory. She said: 'When they came up with the idea of sleeping on a mattress on the floor I told them I would take him home as we had a bed there but his oxygen levels were too low. 'I told staff he needs someone to watch him all night long but they made me feel like I was being awkward and said they had no staff to do that. 'I took the photo of Cody and the floor and sent it to my friend who tweeted it and that night we had a nurse, and for the next two nights we had a health care assistant, they were great. Mrs Neatis said when she first heard about the sleeping arrangements at the hospital, she said she would take Cody home. But his oxygen levels were so low that he couldn't be discharged . Lancashire Teaching Hospitals NHS Foundation Trust, who run Royal Preston Hospital, say they have ordered a special bed from America and are waiting for it to arrive . The chief executive came to see me and she was really nice. 'But on the fourth night they said there was a staff shortage again so I threatened to take him home - I took his oxygen out but they insisted we stay, and someone did come to watch him. 'Other hospitals have these beds and special needs children are admitted to hospital more often than other children so I don't understand why it's so difficult here. The bed wouldn't be left unused, she claims. She said: 'I know of other parents who have had the same problem and have brought their own special needs beds with them from home.' A spokesperson for the trust told MailOnline that a specialist bed from America was due to arrive in February, but the delivery was delayed. Chief executive Ms Partington added: 'Our priority is to always provide excellent care with compassion for our patients and we have had several discussions with Cody's family regarding his care. 'We are awaiting delivery of a specialist bed from America and we have discussed a number of alternatives with Cody's family, which have been declined.' 'Clearly when making these decisions regarding the care of children we believe it is important to do so in collaboration with parents. We continue to work with her to find a solution that meets Cody's needs and his mum's preferences.'","Cody Neatis, 8, has Down's syndrome, epilepsy and autism and is tube-fed .
Was admitted to hospital but has had to sleep on a mattress on the floor .
Needs a special high-sided bed to sleep in as he moves around in the night .
Mother Lynne Neatis says she has been battling hospital for it for two years .
Hospital  says it is waiting for a special bed from America to be delivered .","Cody Neatis, eight, has been in hospital for a week with a chest infection but has had to sleep on a mattress on the floor as the hospital doesn't have a suitable bed for him to sleep in . The mother-of-six said: 'Cody was admitted to hospital last Thursday and we were told there was no special needs bed for him. Cody's father Stephen Neatis, 45, said he 'cannot believe' his family are forced to sleep on the floor during their stay in hospital ."," Cody Neatis, eight, has Down's syndrome, epilepsy, autism and is fed by a tube . He was admitted to Royal Preston Hospital last Thursday with a chest infection . But he has had to sleep on a mattress on the floor since arriving due to lack of bed . The hospital does not have a specialist high-sided cot he must sleep in, to prevent him from injuring himself in the night . His mother Lynne Neatis is furious at the lack of provisions for disabled children . She says she has been battling the hospital for a special bed ever since Cody was forced to stay there two years ago in 2013 . Hospital trust",0.325,0.5217391304347826
"The devastated fiance of the late 'wellness warrior' Jessica Ainscough has written an emotional letter to her followers, revealing she was undergoing radiation treatment in her final weeks and 'giggling and drinking green smoothies' in her hospital bed until the day she died. Ms Ainscough, 30, died in late February following a lengthy fight with a rare and aggressive form of cancer known as epithelioid sarcoma. She spurned chemotherapy and radiation, choosing to fight the cancer with a controversial treatment known as Gerson Therapy, which involves a vegan diet and coffee enemas and does not have scientific support. But after discussions with 'oncologists, healers and specialists around the world', in her final weeks - the most 'difficult' weeks of her fight - Ms Ainscough began a course of targeted radiation, her partner Tallon Pamenter has revealed. 'This was a risky and tough decision, but Jess bravely embraced this last chance option,' he said. Jessica Ainscough (left) was planning to marry her partner Tallon Pamenter this year. She died after a long fight with cancer in February . 'This year has stripped me from the one thing that brought magic to every other aspect of my life,' Mr Pamenter said . Tribute: Jessica Ainscough died in late February after a seven-year-long battle with cancer . 'In true wellness warrior style, we integrated our natural healing regime with the recommended radiation. 'Finally the walls were broken down between conventional and unconventional medicine - I don't know why as a society we must choose one or the other. 'This was something Jess was looking forward with sharing (with her followers). It was an exciting evolution from her earlier days of feeling that she had to be part of one extreme world or the other.' Mr Pamenter said the six weeks of her radiation were among the toughest the couple - who were planning to marry this year - had been through. 'Jess displayed a sense of courage and grace that I am yet to see in anybody else I have ever met - myself included.' The radiation successfully managed to shrink the tumour but 'some complications arose during the final stages of treatment'. 'Not long after, the words I LOVE YOU would leave my lips only to fall softly upon Jess's ears for the last time. 'I said goodbye to the love of my life that day and my heart has been in a million pieces since.' 'Jess displayed a sense of courage and grace that I am yet to see in anybody else I have ever met - myself included,' She 'showed (her partner Tallon) what it means to live in a world full of love', he said in his tribute . 'I said goodbye to the love of my life that day and my heart has been in a million pieces since' 'This year has stripped me from the one thing that brought magic to every other aspect of my life. 'I have been taken to a place so foreign and unknown with no navigational bearing on how to get back. 'Loved ones tell me to be strong during this time... but the thing is I don't want to be strong... I want to cry when I'm sad, yell when I'm angry and smile during those fleeting moments of happiness brought on by the memories we created together. 'I want to sit in silence and be present with every single emotion that decides to show up. 'It's in those moments I feel closest to her.' Ms Ainscough made the decision to undergo radiation after the fungating tumour in her left shoulder became large and painful. It began to interfere with her 'ability to enjoy her favourite things like walking our furbabies on the beach', Mr Parmenter said. Mr Pamenter told Daily Mail Australia she planned to tell her followers about her new treatment just days after she passed away. Ms Ainscough was diagnosed with cancer in 2008 when she was 22 and working at Dolly magazine, a favourite of teenage girls. She initially underwent targeted chemotherapy to her left arm, according to reports, but the cancer returned a year later. She also refused doctors' advice to have her left arm amputated. Jessica's mother was also diagnosed with cancer in 2012, and, inspired by her daughter's fight, she also adopted the Gerson Therapy method. The alternative treatment did not work, and her mother passed away in 2013, an event which Ms Ainscough said brought her to her knees. Mr Pamenter said his partner 'showed me what it means to live in a world full of love'. She was laid to rest in early March.","Devastated fiance of late 'wellness warrior' Jessica Ainscough writes touching tribute to followers .
Ainscough, 30, died in February following a lengthy fight with a rare and aggressive form of cancer .
She advocated treating cancer with a vegan diet and coffee enemas .
Partner Tallon Pamenter, who she was to marry this year, said: 'My heart is in a million pieces'
'This year has stripped me from the one thing that brought magic to every aspect of my life'
Mr Pamenter also revealed she underwent radiation in her final weeks .","'This year has stripped me from the one thing that brought magic to every other aspect of my life,' Mr Pamenter said . 'Jess displayed a sense of courage and grace that I am yet to see in anybody else I have ever met - myself included,' She 'showed (her partner Tallon) what it means to live in a world full of love', he said in his tribute . 'I said goodbye to the love of my life that day and my heart has been in a million pieces since' 'This year has stripped me from the one thing that brought magic to every other aspect of my life."," Jessica Ainscough, 30, died in February after a seven-year-long battle with cancer . She was diagnosed with a rare and aggressive form of cancer known as epithelioid sarcoma . She spurned chemotherapy and radiation, choosing to fight the cancer with a controversial treatment known as Gerson Therapy, which involves a vegan diet and coffee enemas . But after discussions with 'oncologists, healers and specialists around the world', she began a course of targeted radiation in her final weeks . Her partner Tallon Pamenter said the six weeks of her radiation were among the toughest the couple",0.32989690721649484,0.3516483516483517
"West Bromwich Albion had just produced a typical Tony Pulis performance to beat his former club Crystal Palace 2-0 when he claimed he will never change. The 57-year-old’s gritty, resilient playing style is well reflected in the touchline attire he insists on wearing at every game; cap, track suit and shiny white trainers. James Morrison headed in within two minutes and Craig Gardner added a stunning 30-yard strike in the second half, but Alan Pardew’s side dominated the remainder of the game only to be met by West Brom’s stubborn doggedness. West Brom manager Tony Pulis led his side to a 2-0 victory over his former employers Crystal Palace . Baggies midfielder Craig Gardener (right) shoots to score his side's second goal against Crystal Palace . Gardner (left) celebrates alongside team-mate Joleon Lescott (right) during the 2-0 win over Crystal Palace . West Brom midfielder James Morrison (right) dribbles with the ball away from Palace's Jason Puncheon (left) All viewed by Pulis beneath the peak of that cap. ‘I’d never take my cap off during a game they’d have to put it in my contract,’ he explained. ‘I watched the first game for Albion and sat upstairs in a suit. I came down after 10 minutes because I’d had enough of sitting there. That’s just the way I am. I want to be close to the action.’ West Brom ended their run of 10 away games without a victory, drawing five and losing five. Pulis will turn up to the stadium in suit and tie, then return to that again straight after the match to address the press before he leaves. Pardew was resplendent in full suit and tie on Saturday. Tottenham manager Mauricio Pochettino admitted last week that he started smartening up on the sideline after his chairman Daniel Levy told him to. ‘I’ll leave it for all the sophisticated lads,’ Pulis added. ‘I’ve always done it and I don’t see no reason not to just because we’re in the Premier League with all the TV cameras and everything. I’ve done it right from my days at Bournemouth.’ Why change a ritual that works? The three points moved West Brom to 36 points which virtually guarantees them safety. Much like he achieved at Palace last year. That’s worth doffing your cap to. Palace winger Wilfried Zaha (left) is tackled by West Brom's Gardener (right) during the match on Saturday . Pulis has worked wonders at West Brom and has virtually assured their survival in the Premier League .","Tony Pulis led West Brom to 2-0 win over his former club Crystal Palace .
West Brom's performance was typically disciplined of a Pulis side .
Pulis has insisted that his signature style will never change .",West Brom manager Tony Pulis led his side to a 2-0 victory over his former employers Crystal Palace . West Brom midfielder James Morrison (right) dribbles with the ball away from Palace's Jason Puncheon (left) All viewed by Pulis beneath the peak of that cap. Palace winger Wilfried Zaha (left) is tackled by West Brom's Gardener (right) during the match on Saturday .," West Brom beat Crystal Palace 2-0 in their Premier League clash on Saturday . The Baggies boss Tony Pulis insists on wearing his cap and track suit at every game . Pulis will turn up to the stadium in suit and tie, then return to that again straight after the match to address the press before he leaves . The three points moved West Brom to 36 points which virtually guarantees them safety .",0.32,0.14953271028037382
"Countdown co-presenter Rachel Riley was left embarrassed on a recent episode of the show when contestants offered up a rather rude eight-letter word as their answer to the word game. Host Nick Hewer faced a conundrum of his own as he tried, and failed, to stifle his giggles as a blushing Ms Riley spelt out the word 'erection'. Hewer, who first found fame as Lord Sugar’s sidekick in The Apprentice, was clearly trying not to laugh when Dubliner Gerry Tynan and Anne Lewin, from Brighton, both offered up the double entendre. Scroll down for video . Countdown co-presenter Rachel Riley looked embarassed when the two contestants  came up with the same eight-letter double entendre in the word game (pictured) as host Nick Hewer failed to stifle his laughter . Fortunately celebrity guest Dr Phil Hammond, who was in dictionary corner with Susie Dent, saved the day with nine letter word 'recondite'. It is not the first time the show's host has struggled to contain himself when a rude word has popped up - last year Hairy Biker Dave Myers offered up the seven-letter word 'todgers', causing much hilarity among the hosts. In February an English teacher shocked viewers when submitting the word 'm*nges', an expletive sometimes used to describe female genitalia. It is not the first time Nick Hewer (pictured) has struggled to contain himself when a rude word has popped up . In 1991, two contestants offered 'w***ers', and in 2010 another suggested 's**tface'. In 2010 the presenters looked uneasy when the letters U, D, F, C, K and E all came up in a selection - but luckily the contestants resisted the temptation to go for the obvious and instead submitted the five letter words 'caged' and 'faced'. It's not the first word to have left Rachel Riley blushing. The former Strictly Come Dancing star found herself stifling laughter after drawing the words 'p*ss' and 'a*se' shortly after replacing Carol Vorderman in 2009. During her 26-year stint, Ms Vorderman was left red-faced more than a few times. Words such as fart, porn and poo were among the collection of letters which had the Loose Women star and her co-hosts laughing. The Channel 4 afternoon show, which has been running since the station launched in 1982, recently picked up a Guinness world record when it reached its 6,000th episode. The words and number contest was launched with late presenter Richard Whiteley at the helm and has also been fronted by Des Lynam and Jeff Stelling. Countdown is on weekdays at 2.10pm on Channel 4. Hairy Biker Dave Myers offered up the seven-letter word 'todgers', causing much hilarity among the hosts . When she was a presenter on the show Carol Vorderman was left red-faced when certain words popped up .","Two contestants on Countdown came up with the same word during game .
Co-presenter Rachel Riley looked embarrassed as she spelt out 'erection'
Host Nick Hewer failed to stifle his laughter during the awkward moment .","Countdown co-presenter Rachel Riley was left embarrassed on a recent episode of the show when contestants offered up a rather rude eight-letter word as their answer to the word game. Countdown co-presenter Rachel Riley looked embarassed when the two contestants  came up with the same eight-letter double entendre in the word game (pictured) as host Nick Hewer failed to stifle his laughter . It is not the first time the show's host has struggled to contain himself when a rude word has popped up - last year Hairy Biker Dave Myers offered up the seven-letter word 'todgers', causing much hilarity among the hosts.", Countdown co-presenter Rachel Riley was left embarrassed on a recent episode . Gerry Tynan and Anne Lewin came up with the same eight-letter double entendre . Host Nick Hewer struggled to contain himself as he tried to stifle his giggles . Fortunately celebrity guest Dr Phil Hammond saved the day with nine letter word 'recondite',0.2816901408450704,0.29213483146067415
"Prince Harry will tonight fly out of the UK to Australia without seeing his new niece or nephew . A disappointed Prince Harry will tonight fly out of the UK to Australia without seeing his new niece or nephew. With the Duchess of Cambridge now overdue for the birth of her second child, the prince will not be able to meet the new royal baby until he returns to this country in mid May. Harry, who will be bumped down to fifth in the line of succession by the new arrival, had returned briefly at the weekend to hand out prizes at the London Marathon after undertaking several engagements in Turkey to mark the centenary of the Gallipoli campaign. He was dragging out his return until tonight in the hope of getting to meet the new little prince or princess. But with Duchess now several days overdue, Harry is being forced to return to Australia where he is on a month-long placement with the army, followed by a week long official tour of New Zealand. Instead he spent time playing doting uncle to his nephew, Prince George, who turns two in July, at the Cambridge's apartment at Kensington Palace. Kate and her husband, Prince William, had been told to expect their new son or daughter – who will be fourth in line to the throne – by Saturday, according to sources. The Duchess – whose son, Prince George, was also around a week late - herself told well-wishers earlier this year that the new little prince or princess was due 'mid to late April'. When Prince George's little brother or sister is born the news will be revealed to royal correspondents in a press release followed by an announcement two minutes on the Kensington and Buckingham Palace social media accounts on Twitter and Instagram. Details of their arrival – including their six, birth weight and details of the attending medical staff - will then be posted in the traditional way on an easel outside Buckingham Palace. Scroll down for video . Although palace officials have barred media from camping outside the private Lindo Wing at St Mary's Hospital in Paddington, where Kate is due to give birth, in order to prevent what they describe as a 'media circus', excitement was mounting yesterday with royal 'superfans' continuing their own round-the-clock vigil. The Duchess – whose son, Prince George, was also around a week late - herself told well-wishers earlier this year that the new little prince or princess was due 'mid to late April' Harry had returned briefly at the weekend to hand out prizes at the London Marathon after undertaking several engagements in Turkey (pictured) to mark the centenary of the Gallipoli campaign . The mounting tension saw bookmakers' cash in with a flurry of bets on everything from the time of birth to the new baby's name – and even their hair and eye colour. Prince Harry will no doubt be encouraged to see that 4/1 odds are being offered for the baby to be a fellow red head. Ladbrokes customers appeared to favour Arthur for a boy, with odds collapsing to 8/1, and Alice remaining the hot favourite for a girl with odds of just 5/4. Some were still hankering after Diana (14/1), in memory of William's late mother, or even Elizabeth in honour of the Queen (6/1). The firm said one male customer in the Manchester area had bet £10,000 on the new baby being a girl, the largest single wager so far received. Spokesman, Jessica Bridge, said: 'As far as the money is concerned they will soon welcome Princess Alice into the family.' Coral said yesterday that it had seen a slew of bets come in that the baby will arrive today (Monday) – now 6/1 joint favourite – with odds of 10-1 that the nation is still waiting at the end of the week. Many bookmakers are also offering 4/1 odds of the couple welcoming their new child into the world on Wednesday – their fourth wedding anniversary. Prince William and Kate pose with their son Prince George at the National History Museum in London . Preparations have been made outside the Lindo Wing of the hospital for the huge crowds expected to welcome the royal birth - with the Duchess said to be up to four days overdue . As the 'spare to the heir', it is unlikely that the duke and duchess's new baby will accede to the throne – although it is not unheard of. Most recently the Queen's own father became King George VI when his elder brother, King Edward VIII, unexpectedly abdicated over his love for 'unsuitable' American divorcee Wallis Simpson. Thanks to recent changes in the law of succession, if the new baby is girl then their claim to the throne cannot be superseded by a younger brother, should William and Kate go on to have a third child. She will also be known as HRH Princess (forename) of Cambridge after the Queen altered a century-old ruling in the run up to Prince George's birth which had meant that only the eldest son of a Prince of Wales (as well as the children of a monarch and the sons of those children) was entitled to the honour. The new arrival will also bump Prince Andrew out of the 'top five' for the first time. He will drop to sixth in line to the throne. His eldest daughter, Princess Beatrice, will find herself relegated to seventh – the advantage being that she will no longer require the Queen's approval for her marriage. Her younger sister, Princess Eugenie, will become eighth. If the baby is a girl it will be the first Princess of Cambridge to be born for 182 years. Kate has said in the past that she favours a boy but that her husband rather likes the idea of a girl. Grandfather Prince Charles has said he would like a girl – while his late wife, Diana, Princess of Wales, always longed for a daughter.","Prince Harry will  fly out of UK tonight to continue placement in Australia .
This means he will not be able to meet royal baby until return in mid-May .
He will be bumped down to fifth in the line of succession by the new arrival .
Duchess of Cambridge is several days overdue for birth of second baby .","With the Duchess of Cambridge now overdue for the birth of her second child, the prince will not be able to meet the new royal baby until he returns to this country in mid May. The Duchess – whose son, Prince George, was also around a week late - herself told well-wishers earlier this year that the new little prince or princess was due 'mid to late April'. The Duchess – whose son, Prince George, was also around a week late - herself told well-wishers earlier this year that the new little prince or princess was due 'mid to late April' Harry had returned briefly at the weekend to hand out prizes at the London Marathon after undertaking several engagements in Turkey (pictured) to mark the centenary of the Gallipoli campaign .", Prince Harry will not be able to meet the new royal baby until he returns to this country in mid May . The prince will be bumped down to fifth in the line of succession by the new arrival . Harry had returned briefly at the weekend to hand out prizes at the London Marathon . He was dragging out his return until tonight in the hope of getting to meet new little prince or princess .,0.2150537634408602,0.4769230769230769
"Jameela spent £3,000 on having all her amalgam fillings removed and replaced with white fillings . Jameela Jamil has the dazzling smile that you'd expect of a television presenter and former model. Yet the 29-year-old broadcaster is convinced her teeth - or rather, the dental work done on them - triggered a host of health problems that plagued her for nearly seven years. 'From the age of 21, I would wake up in the morning with a puffy, swollen face feeling utterly hungover - even though I don't drink,' says Jameela, who has presented the Radio 1 Chart Show and programmes for Channel 4. 'My head felt heavy and I was permanently exhausted. Occasionally, I would even faint. There were days when I'd arrive at work and the make-up artists would send me home because I just looked awful and felt terrible.' After several months of this, she went to a private doctor who referred her for tests. Jameela thought she might have a serious disease such as lupus, an auto-immune condition which can cause inflammation and swelling in the joints and other parts of the body. In fact, the tests suggested she had high levels of mercury. After other potential causes such as diet were ruled out, it was suggested the problem was down to the ten amalgam fillings she'd had as a child. So she spent £3,000 on having them all removed and replaced with white fillings. Dental amalgam has been used for more than 150 years, and every year 12 million fillings made from it are given to patients in Britain. Amalgam remains a standard material to use, especially on back teeth because it is particularly robust. It is made from a mixture of metals including silver, tin and copper. Liquid mercury is used to help mix these components together. Breathing in extremely high concentrations of mercury can trigger bronchitis and pneumonia and affect the central nervous system, causing muscle tremors. Long-term exposure to high levels can affect kidneys. But mercury poisoning is very rare, suggests Dr Prem Mahendra, a consultant haematologist at the Queen Elizabeth Hospital, Birmingham. 'In 27 years as a haematologist I have never been asked to test for mercury,' he says. Dentists agree that when fillings are being put in or removed, the mercury can release vapour. This is absorbed into the bloodstream in the lungs and then taken to the kidneys to be passed out harmlessly in the urine. Blood tests showed she had high mercury levels. With nothing else to account for these raised levels, her fillings were pinpointed as the cause . But the amounts taken in from fillings is 'minuscule', says Salford dentist Dr Ben Atkins. Indeed, a review by the EU Commission's Scientific Committee in 2008 concluded there was no risk from amalgam, says Professor Damien Walmsley, the British Dental Association's scientific adviser. Amalgam is 'strong, durable and adaptable' and there is 'no evidence to suggest these fillings are anything other than safe to use', adds StJohn Crean, professor of medicine in dentistry and an oral and maxillofacial surgeon at the University of Central Lancashire. It is true that mercury can sometimes cause sensitivity and soreness in teeth - 5 per cent of the population react to contact with amalgams in this way - but this poses no risk to health, adds Professor Walmsley. And yet dental amalgam is banned in countries such as Sweden and Norway, because of patient concern about the risk. Finland and Japan have restrictions on its use, with a view to phasing it out. This follows research linking mercury to certain diseases. A 2012 review of 106 studies published in the Journal of Alzheimer's Disease suggested mercury from amalgams could be a contributing factor to the condition. But fillings aren't the only source of mercury. It can get into the blood through food - nearly all fish and shellfish contain traces, though the Food Standards Agency says this isn't a concern for most people. However, some fish and shellfish contain higher levels of mercury that could harm an unborn baby or young child's developing nervous system. That's why young children and women planning to have a baby or who are already pregnant or breastfeeding are advised to avoid fish that can have higher levels of mercury, such as shark, swordfish and marlin. Pregnant women are advised to limit their tuna to no more than two steaks or four medium-sized cans a week. And yet dental amalgam (pictured, posed by model) is banned in countries such as Sweden and Norway, because of patient concern about the risk . But Jameela doesn't eat fish, so knew the mercury levels couldn't be due to her diet. She's allergic to peanuts, shellfish and dairy foods and at 12 was diagnosed with coeliac disease - a condition which causes an adverse reaction to gluten, found in wheat, barley and rye. Following blood tests, it was discovered that she had high mercury levels. With nothing else to account for these raised levels, her fillings were pinpointed as the cause. 'All I could think of was I had to get rid of them,' says Jameela. But while she expected her symptoms to immediately subside once her fillings were removed, they continued to affect her over the next few years. 'I hated the fatigue, the headaches, the fact I should have been fit and healthy but felt rotten all the time,' Jameela says. 'I read up on this and discovered that not only does it take time for mercury levels to drop, but vapour can be released from the mercury when the fillings are removed and leak into the system. 'I think that the mercury was affecting my immune and digestive system.' Dentist Dr Atkins has spoken to many patients who have wanted to have their silver fillings removed because they're concerned about the potential health issues. But he warns that removing amalgams can do more harm than good as more vapour can be inhaled into the system by doing this. 'Aside from the fact there is no evidence to suggest amalgams are anything other than safe, every time a dentist drills a tooth, they remove a little dental tissue. So you are essentially damaging the tooth,' he says. The number of fillings in the average adult's mouth . Still struggling, Jameela saw a nutritionist who recommended drinking solutions made from clay and algae chlorella three times a day. These apparently bind to mercury and help remove it. She did this for two years, and tried various diets to tackle the 'inflammation' linked to the mercury that was making her ill. 'For my 25th birthday, my flatmate gave me a piece of melon with a candle in it - cake was out of the question,' she says. 'It took about a year before I started to feel better. It's all had a massive impact on my life.' However, Anton Emmanuel, consultant gastroenterologist at University College Hospital, London, is not convinced mercury could affect digestion in this way. 'You would have to be exposed to massive overdoses of mercury for the gut to be affected,' he says. 'Not in the level or forms that you get with mercury fillings. 'In fact, I see patients whose gut symptoms, ironically, seem to be caused by the stress and anxiety of thinking that it is their mercury fillings which are causing stomach problems, when there is no physical sign of any gut disorders.' But Jameela remains convinced that the mercury was the cause of her problems. 'There is so much we don't know about amalgam fillings. I know I feel much better now,' she says. Private clinics offer mercury testing. But Dr Mahendra says anyone thinking of having this done should check that the clinic's laboratories have clinical pathology accreditation (CPA) to ensure that the tests are carried out properly. Jameela is supporting Allergy UK to raise awareness of food allergies and is ambassador for Holland & Barrett’s Free From range .","Jameela Jamil, 29, is convinced dental work triggered health problems .
For months she would suffer swelling, feel exhausted, and faint .
Thought she might have a serious disease such as lupus .
Tests suggested she had high levels of mercury due to amalgam fillings .","Jameela spent £3,000 on having all her amalgam fillings removed and replaced with white fillings . In fact, the tests suggested she had high levels of mercury. 'I read up on this and discovered that not only does it take time for mercury levels to drop, but vapour can be released from the mercury when the fillings are removed and leak into the system."," Jameela Jamil spent £3,000 on having all her amalgam fillings removed and replaced with white fillings . Every year 12 million fillings made from it are given to patients in Britain . But dental amalgam is banned in countries such as Sweden and Norway, because of patient concern .",0.22641509433962265,0.1348314606741573
"Bayern Munich will be without versatile left-back David Alaba for the closing stages of the season after he was ruled out for around seven weeks with a torn knee ligament. Alaba, out for three months earlier this season after a partial ligament tear in his right knee, was injured while playing for Austria in their 1-1 draw against Bosnia on Tuesday. 'I am bitterly disappointed,' the 22-year-old told the club's website. 'But I have a big aim and that is to be there at the season finale.' David Alaba is tackled by Emir Spahic's tackle during Austria's 1-1 draw against Bosnia-Herzegovina . Marc Janko (left) celebrates with Martin Harnik and Alaba after he scored against Liechtenstein last Friday . He is set to start rehabilitation work in about a month, Bayern said. Alaba had been in superb form for Bayern since his comeback, helping them stay firmly on track for a treble of titles with some spectacular goals. Bayern, who are top of the Bundesliga with eight games left and through to the German Cup last eight, face Porto in the Champions League quarter-finals later this month. Alaba (left) has been in excellent form for Bayern this season as the Bavarian giants chase a treble of titles .","Austria drew 1-1 against Bosnia-Herzegovina on Tuesday night .
David Alaba picked up a knee injury during the first half of the game .
Alaba was out for three months earlier this season after he suffered a partial ligament tear in his right knee .","Bayern Munich will be without versatile left-back David Alaba for the closing stages of the season after he was ruled out for around seven weeks with a torn knee ligament. Alaba, out for three months earlier this season after a partial ligament tear in his right knee, was injured while playing for Austria in their 1-1 draw against Bosnia on Tuesday. Alaba (left) has been in excellent form for Bayern this season as the Bavarian giants chase a treble of titles .", David Alaba has been ruled out for around seven weeks with a torn knee ligament . The 22-year-old was injured while playing for Austria in their 1-1 draw against Bosnia-Herzegovina . Bayern Munich are top of the Bundesliga with eight games left in the season .,0.3464566929133859,0.21978021978021978
"Sao Paulo, Brazil (CNN)Hundreds of thousands of Brazilians are taking to the streets in protests across the country, lashing out against President Dilma Rousseff as she struggles with an economic downturn and a massive bribery scandal. The demonstrators have called for the President to be impeached. On the other side Rousseff's base is holding rallies in her support. There are a number of issues at play. One of the biggest: an investigation into a multimillion-dollar kickback scheme at the state-run oil company Petrobras. Petrobras was long considered the corporate jewel in Brazil's crown, one of the biggest companies in the world by market capitalization. But last year, investigators launched a sweeping investigation. According to suspects-turned-witnesses, construction companies paid bribes to executives at Petrobras as well as politicians to secure lucrative contracts. Most of the politicians accused in the investigation belong to the President's Workers Party and its allies. During many of the years that the alleged corruption took place, Rousseff was the chairwoman of Petrobras. There hasn't been any evidence she was involved with the scheme, and her supporters say the position is merely a figurehead. Rousseff has defended Brazilians' right to protest and acknowledged the need to clean up corruption at Petrobras -- but denied any prior knowledge of it. But Brazilians are still outraged. Rousseff won re-election with just over 50% of valid votes in October, but her approval rating plummeted to 13% after the protests last month. Compounding the frustration is the economy, which is expected to contract this year. Inflation is stubbornly high, and the currency has lost more than 20% of its value against the dollar this year alone. Both sides are. The country was already sharply divided during presidential elections in October. Roughly half of the voting population didn't vote for Rousseff, and many of those same people joined protests immediately after elections. Rousseff's supporters like to characterize the protesters as Brazilian elite and right-wingers, and some small groups do carry signs calling for a military intervention to oust the President. But with the Petrobras scandal growing and the economy sinking, the protests have gotten bigger and broader, with many demonstrators saying they initially voted for Rousseff. Protesters say Rousseff should be impeached for failing to halt the corruption at Petrobras. On the other hand, labor unions, social activists and groups such as the Landless Workers Movement who support the government have organized their own marches. The demonstrations are meant as a show of force for democracy, with participants saying the President was democratically elected and cannot be impeached. But participation has not been consistently strong. The President has said Petrobras should be cleaned up. Has she done anything about it? She says she's given prosecutors and the Federal Police free rein to investigate the Petrobas scandal. Some of her allies who have been implicated in the investigation think Rousseff should do more to protect them. This scandal has been known publicly for at least a year, and during Rousseff's election campaign, she said she would root out corruption. The Brazilian economy was booming for the good part of a decade, bolstered by voracious demand for its commodities from China. But with China's economy cooling, Brazil has failed to find a successful alternative to promote growth and shore up investor confidence. Now, with the President's approval rating abysmally low, it will be difficult to implement the savings needed to get the economy back on track. Rousseff has appointed a market-friendly economy minister, Joaquim Levy, to try and fix the country's fiscal problems. But in the current political crisis, he hasn't been able to make much progress.","Protesters angry over bribery scandal involving state-run oil company Petrobras .
Brazilian President Dilma Rousseff also is struggling with an economic downturn .","But with the Petrobras scandal growing and the economy sinking, the protests have gotten bigger and broader, with many demonstrators saying they initially voted for Rousseff. Protesters say Rousseff should be impeached for failing to halt the corruption at Petrobras. This scandal has been known publicly for at least a year, and during Rousseff's election campaign, she said she would root out corruption.", Brazilians are lashing out against President Dilma Rousseff as she struggles with an economic downturn and a massive bribery scandal . Protesters say Rousseff should be impeached for failing to halt the corruption at Petrobas . Rousseff's approval rating plummeted to 13% after the protests last month .,0.06976744186046512,0.2647058823529412
"An alleged fraudster has been accused of posing as Oprah Winfrey, executives from her TV network, former Obama aide Reggie Love and Madonna's manager in an attempt to trick people into giving him jobs, clothes, free food and jewelry worth $2.4million. Justin Jackson, a Florida man, has been carrying out the bizarre schemes in the hope of cashing in on the freebies, or winning himself a job in luxurious hotels, according to court documents. Jackson is being sued by Oprah's TV network as well as Love - the college basketball star who went on to be the President's personal assistant. 'Con man': Justin Jackson, right, has been accused of pretending to be a host of celebrity-linked characters in order to score freebies and jobs. Angel Agarrat, left, is also named in a Florida lawsuit attempting to get the pair to stop posing as other people . Legal papers filed in a south Florida federal court describe Jackson waging an eight-year trail of deceit in which he variously posed as Oprah herself, Oprah's nephew, Love, an executive at the Oprah Winfrey Network (OWN), and managers of Madonna and Johnny Depp. The earliest fraud, the papers said, saw Jackson trick a New York City jeweler into lending him items worth $2.4million by pretending to be Madonna's manager. He contacted a store in July 2007 and said she needed the lavish items for a photoshoot, the papers said. When he got the items, he reportedly sold them to another jeweler and fled. The court papers say he was convicted for grand theft over the ruse, but later dreamed up new celebrity-linked schemes. The latest claims say Jackson pretended to be Oprah and her representatives in the hope of getting more freebies - and even posed as the famous talk show host to recommend him for jobs. He allegedly sent letters on forged OWN stationery to  five different hotel groups with locations in Florida, recommending himself for work at the locations. 'Impersonator': Jackson (right) is accused of sending messages purporting to be former Obama aide Reggie Love (left), whom he said worked for Oprah. The right-hand photograph, court papers claim, was emailed from an email account allegedly belonging to Johnny Depp's manager, asking for tickets to see Oprah . The papers claim some of the notes purportedly to be directly from Oprah, while others claimed to be from Love, who was signed off as the star's 'executive assistant and personal aide'. Also named in the claims was Angel Agarrat, whom lawyers claim was also involved in the deception, and was subject of some of the bogus letters of recommendation for jobs. In one of the exchanges, Jackson allegedly suggested that if he and Agarrat were to be given work at the hotels, Oprah would make a personal appearance there. One letter even claimed Jackson was Oprah's nephew. Love has never worked for Oprah. Other schemes allegedly saw Jackson write to four different jewelry companies, as well as a clothe retailer, to get free goods allegedly meant for Oprah. Scheme: According to the claims, Jackson signed some emails off as Oprah, left, and others as Scott Garner, an executive at the Oprah Winfrey Network . The claims date from around September 2013 to the end of 2014. The documents also say Jackson has a history of pretending to be Love, and had tried in 2010 to trade off Love's own name to get free designer clothes, handbags and Cheesecake Factory vouchers. In a final case, Jackson . OWN, Love and Scott Garner, an executive at Oprah's company whose name was used, filed a joint suit against Jackson and Agarrat this week. It accuses the two of invasion of privacy, misappropriation of names, infringing trademarks and conspiracy. The documents ask that a judge files an injunction to stop the two using any of the false names, and also stakes a claim for financial damages. Although no figures are specified, arguments in the court papers imply that the figure will be at least $75,000.","Justin Jackson allegedly pretended to be celebrity-linked characters .
Accused of sending messages to get expensive swag, or get hired in hotels .
Most brazen alleged scheme was in 2007, when he 'made off with jewelry worth $2.4million after saying he needed it for Madonna photoshoot'
Now being sued in Florida federal court by Love and Oprah's TV network .
Jackson named alongside Angel Agarrat, another alleged fraudster .","Legal papers filed in a south Florida federal court describe Jackson waging an eight-year trail of deceit in which he variously posed as Oprah herself, Oprah's nephew, Love, an executive at the Oprah Winfrey Network (OWN), and managers of Madonna and Johnny Depp. 'Impersonator': Jackson (right) is accused of sending messages purporting to be former Obama aide Reggie Love (left), whom he said worked for Oprah. Scheme: According to the claims, Jackson signed some emails off as Oprah, left, and others as Scott Garner, an executive at the Oprah Winfrey Network ."," Justin Jackson, a Florida man, has been accused of posing as celebrities for eight years . He is being sued by Oprah Winfrey, Reggie Love and Angel Agarrat in a Florida lawsuit . Court papers say he pretended to be Oprah, Love, Madonna and Johnny Depp managers . He also allegedly sent fake letters of recommendation to five Florida hotel groups to get freebies and jobs .",0.13664596273291926,0.18320610687022898
"Liam Plunkett has set his sights on the West Indies batting line-up and is ready to 'rough them up' with pace. The 29-year-old England seamer is back in Test contention in the Caribbean after his comeback last summer was cut short by injury. He managed 18 wickets in four Tests prior to that, playing a big part for an England side often criticised for going easy on the speed gun. Liam Plunkett wants to use his pace to lead England to victory in the Test series against West Indies . Plunkett returned to the England fold last summer in Test series against Sri Lanka and India . Plunkett has recovered from a minor ankle complaint in Yorkshire's pre-season trip to Abu Dhabi . A minor ankle complaint during Yorkshire's pre-season trip to Abu Dhabi proved to be nothing more than a brief setback and he is now looking to make a name for himself in a part of the world that is famous for its quick men. 'I'm trying to be the fastest (bowler on the pitch). I train hard at it and I feel that's why I stand out from the rest,' he said ahead of Monday's two-day warm-up against a St Kitts & Nevis Invitation XI. 'I feel like I'm adaptable but you might need those little patches in the game - where it's a bit dead and there's good batters - to try and rough them up a bit. 'That's why I'm in the team, because I do bowl fast. 'I'm not a bowler who runs up and just hits line and length all day, I want to do something, I want to ruffle batsmen up. If that's what I'm asked to do, I'm happy to do that.' With James Anderson and Stuart Broad likely to retain new ball duties for the first Test in Antigua on April 13, Plunkett is fighting for a place with Barbados-born Chris Jordan and the uncapped Mark Wood. There is a case to be made for both his rivals, Jordan being more familiar with conditions in his homeland and Wood an unknown quantity to the opposition, but Plunkett relishes the scrap. 'It's a good unit, a good bunch of lads and we're all working hard. There's massive competition,' he said. 'It's up to me to bowl well in practice and in the warm-up games and get the chance to play in the first Test. 'You don't want to just get in easily. You want to feel like you've earned your place and outbowled the other guys. You want to be the best bowler. 'Last summer I felt the best I had in my career, I felt good with the ball, I felt confident. Plunkett is fighting for a start in the England Test side with Chris Jordan and Mark Wood . Plunkett (second left) could feature in a warm-up game for England that begins on Monday . 'I felt I was in a situation where I could win games for England. It didn't quite happen but I bowled nicely. 'Then I got the injury, went away this winter with the Lions and I feel good again. I got some wickets and some good rhythm so it would be good to play that first Test.' England plan to play a standard XI man fixture on Monday, with their selection likely to provide a clear insight into their preferred Test side.","Liam Plunkett enjoyed a return to the England Test fold  last year .
He wants to continue his resurgence against the West Indies .
He has recovered from an ankle injury that hampered his pre-season .",Liam Plunkett wants to use his pace to lead England to victory in the Test series against West Indies . Plunkett is fighting for a start in the England Test side with Chris Jordan and Mark Wood . I got some wickets and some good rhythm so it would be good to play that first Test.', Liam Plunkett wants to use his pace to lead England to victory in the Test series against West Indies . The 29-year-old England seamer is back in Test contention in the Caribbean after his comeback last summer was cut short by injury . He has recovered from a minor ankle complaint in Yorkshire's pre-season trip to Abu Dhabi . James Anderson and Stuart Broad are likely to retain new ball duties for the first Test in Antigua .,0.2045454545454545,0.2678571428571429
"Freddo Frog has shrunk from 15g to 12g . Cadbury is cutting the size of its beloved Freddo Frogs by 20 per cent but keeping the recommend retail price the same. The miniature chocolate amphibians, which weighed a plump 20g two years ago - before they dropped to 15g, will now weigh just 12g. The shrinking of one of Australia’s most popular children’s chocolates was not widely announced but was in fact spotted by a shop owner who stocks the treats, the Herald Sun reports. Cadbury’s spokesman Julian Polachek said: ‘We’re making a change to the size of the product because of manufacturing cost increases that we can no longer absorb.’ The Freddo’s downsize is just the latest product to feel the pinch in the declining confectionery world. In February, chocolate lovers expressed their anger after Cadbury announced plans to reduce the size of their family blocks by ‘one row’ in a cost cutting deal. The best-selling blocks dropped from 220 grams to 200 grams. The Australasia managing director for Mondelez International, Cadbury’s parent company, Amanda Banfield told the Financial Review: ‘Clearly any chocolate lover is going to be a bit disappointed.’ Anticipating a backlash, Ms Banfield explained the company had decided the shrink the family block because of ‘unprecedented cost headwinds’. She blamed the increased price of ingredients and rising packaging costs for the change. Cadbury still recommends the blocks are sold for $4.99 – a price which won’t increase or decrease – but Ms Banfield highlighted that shops set the prices that they choose to sell the products at in store. Cadbury's parent company’s profit before tax rose 46 per cent from $87 million to $127 million in 2013. Thousands of angry chocolate fans complained about the change on Cadbury’s Facebook page. Creator of the Freddo Frog, Harry Melbourne, who thought up the idea of the chocolate frog named Freddo when he was an 18-year-old. He died aged 94 in 2007 . Cadbury have reduced the size of their family block of Dairy Milk by one row of chocolate . Tony Abbott carefully pours chocolate into a mould during a visit to the Cadbury chocolate factory in Hobart . Rebecca Isaako wrote: ‘You turned a $127 million dollar profit last financial year. This is complete & utter baloney!’ Kyria Economidis said: ‘What do you take us for? You guys are thieves, you want to cut it down and charge us the same? You are plain greedy.’ ‘Good bye Cadbury it has been a fun ride, but when you make it not worth it and unaffordable and then lie pffft not worth wasting my money how much would it cost to change the size of the chocolate with new moulds smaller packaging lots of money I would assume. I'll just wait for the tim tams to go on sale,’ Kirsty Logan commented. Nestle has sliced its Killer Python lolly in half in a bid to help Australians better manage their health . Cadbury chocolate produced for the Australian market is made in Claremont in Tasmania. A statement on the company’s website read: ‘Confectionery companies around the world are feeling the squeeze of increasing costs. At Cadbury, we’re feeling it too. We’ve reached a point where we can no longer absorb these increasing costs into the price of our chocolate blocks.’ In October last year, Cadbury rival Nestle sliced its Killer Python lolly in half in an apparent bid to help Australians better manage their health. The new 'treat size' Allen's Killer Python measures 21cm instead of 32.5cm and weighs 24g instead of 47g. Nestle has also reduced the size of Smarties 'fun size' boxes from 20g to 16g. The move is part of Nestle's efforts to help Australians improve their health by controlling the amount of food they eat - 'especially treats'. The company said the Killer Pythons still have the same 'recipe, taste and stretchiness' but the new size cuts the lolly's kilojoules from 630 to 336, meaning a 10-year-old can run it off in 30 minutes instead of one hour. Customers have expressed their outrage over the move but Nestle's General Manager of Confectionery, Martin Brown, said it was the 'right thing to do'. Nestle has also reduced the size of Smarties 'fun size' boxes from 20g to 16g . The new 'treat size' Allen's Killer Python measures 21cm instead of 32.5cm . 'I think lollies are just such a fun part of growing up and people have got a lot of passion for them, I really understand that, l used to love eating Killer Pythons as a kid,' Mr Brown told Daily Mail Australia. 'I can understand why there will be some disappointed Python fans, it's a short term sacrifice because it will upset customers and we'll sell less Pythons but it's the right thing to do for ongoing trust. 'This is a really important initiative for a product primarily eaten by kids, getting it at the right portion.' When Red Rock Deli chips dropped 20 grams from their packets the prize remained the same . The company said the new treat size Killer Pythons bags are the same price as the old ones, but have gone up in weight, so customers will be getting more lolly snakes in smaller portion sizes. The recommended retail price on individual Killer Pythons will be halved from $1 to 50 cents. In the past manufacturers have been called out for slashing product sizes while keeping the same packing and price. Red Rock Deli-Style potato chips were shrunk by 20 grams. And Choice spotted Oat Crisp Honey cereal packets were reduced by 14 per cent while maintaining similar packaging and that the price per 100 grams increased by 10 per cent.","Cadbury's Freddo Frogs have decreased from 15g to 12g .
The recommended retail price of the iconic Aussie treat will stay the same .
Comes after Cadbury shrunk its family size block by 9 per cent .
Last year Nestle sliced its Killer Pythons in half from 47g to 24g .
The size of the size of Smarties 'fun size' boxes also shrunk by 20 per cent .","We’ve reached a point where we can no longer absorb these increasing costs into the price of our chocolate blocks.’ In October last year, Cadbury rival Nestle sliced its Killer Python lolly in half in an apparent bid to help Australians better manage their health. Nestle has also reduced the size of Smarties 'fun size' boxes from 20g to 16g. The company said the new treat size Killer Pythons bags are the same price as the old ones, but have gone up in weight, so customers will be getting more lolly snakes in smaller portion sizes."," The miniature chocolate amphibians, which weighed a plump 20g two years ago - before they dropped to 15g, will now weigh just 12g . Cadbury’s spokesman Julian Polachek said: ‘We’re making a change to the size of the product because of manufacturing cost increases that we can no longer absorb’ In February, chocolate lovers expressed their anger after Cadbury announced plans to reduce size of their family blocks by ‘one row’ in a cost cutting deal . In October last year, Cadbury rival Nestle sliced its Killer Python lolly in half in a bid to help",0.2608695652173913,0.2641509433962264
"Forget dogs' dinners, stylish cook Gizzi Erskine's fussy feline loves poppadoms, tortilla chips and taramasalata. In an interview with Puss Puss magazine, the stylish cook, 35,  posed at a feast fit for only the classiest cat, that included bowls brimming with caviar and salmon roe, jellied fish heads, a seafood sculpture made of octopus, lobster and prawns. Although the lavish feast was in fact a set (created by food stylist Iain Graham), the cat fancier admitted that her British shorthair, Kimchi, has such a discerning palate he loves crunchy 'human food'  and that taramasalata would be his 'death row dish'. Draped in peach silk and surrounded by cat delicacies, TV chef Gizzi Erskine appears with her pet Kimchi in cat magazine, Puss Puss . The TV chef seen baring her back tattoo with pet cat Kimchi says: 'I’d love a really small cat tattoo either behind my ear or somewhere discreet' In the shoot for the publication that pitches itself as a Vogue for cat lovers, the east London-based cook told writer Gemma Lacey: 'She won’t eat anything unless it’s proper meat.' Adding that Kimchi, 'loves human food and will steal it off our plate if we’re not looking. 'She loves anything crunchy, so if there are poppadoms or tortilla chips around that’s it. I don’t like her having it as they’re not supposed to, but she just takes it. But Gizzi insists that living in a foodie household isn't to blame. 'It’s not my influence at all, she’s just a pig!' A feast fit for only the classiest cat: bowls brimming with caviar and salmon row and and a two -tiered cake covered with cat treats . Jellied fish heads (right) and a seafood sculpture made of octopus, lobster and prawns (left) also feature . 'We’ve had to put her on a diet she was getting so fat. When I make taramasalata she’ll eat and eat and eat it, it’s her death row dish. 'She loves cheese, caviar and anything really fishy.' But Kimchi occasionally indulges in cat food and is 'obsessed' with Dreamies cat biscuits. 'It’s insane,' says Gizzi. 'She purrs as she eats and she doesn’t do that normally.' Gizzi also recently added a new addition to her cat family, Ponzu, named after her favourite Japanese dressing. 'I was also thinking about calling him Neeps or Haggis as he’s Scottish, but it didn’t suit him, so eventually I just went with what suited him best. He was nameless for a week,' she says. 'Kimchi is called Kimchi because of my love of Korean food,' she adds. The new addition to the Erskine feline family is also a food lover - and has even more unusual tastes. Gizzi feeding her cat Kimchi a prawn. The chef admits her furry friend has expensive taste in food . 'A week into having him, after tidying up a Thai takeaway and leaving the room for two minutes, I came back to find him paw deep in green curry!' she says. Gizzi, who showed off her huge tattoo of a pair of angel wings across her shoulder blades . Gizzi also wants to combine her love of cats with her body art habit, saying: 'I really want a cat tattoo. 'I’m just about to get matching lions with my sister as we’re both Leos, so I’ll have the big cat one covered'. 'I’d love a really small cat tattoo as well, either behind my ear or somewhere discreet. I think more people are getting cat tattoos now, it’s become more popular.' The second edition of Puss Puss Magazine is out now .","TV cook Gizzi Erskine poses at feline feast with her British shorthair cat .
Told Puss Puss magazine Kimchi loves taramasalata and tortilla chips .
Loves cats so much she's planning a feline tattoo behind her ear .","In an interview with Puss Puss magazine, the stylish cook, 35,  posed at a feast fit for only the classiest cat, that included bowls brimming with caviar and salmon roe, jellied fish heads, a seafood sculpture made of octopus, lobster and prawns. Draped in peach silk and surrounded by cat delicacies, TV chef Gizzi Erskine appears with her pet Kimchi in cat magazine, Puss Puss . The TV chef seen baring her back tattoo with pet cat Kimchi says: 'I’d love a really small cat tattoo either behind my ear or somewhere discreet' In the shoot for the publication that pitches itself as a Vogue for cat lovers, the east London-based cook told writer Gemma Lacey: 'She won’t eat anything unless it’s proper meat.'"," TV chef Gizzi Erskine poses with pet cat Kimchi in cat magazine, Puss Puss . The 35-year-old chef posed at a feast fit for only the classiest cat . The lavish feast included bowls brimming with caviar and salmon roe, jellied fish heads and a seafood sculpture made of octopus, lobster and prawns .",0.18404907975460125,0.2247191011235955
"A group of U.S. senators has written to football's world governing body FIFA, calling for Russia to be removed as host of the 2018 World Cup because of its role in the Ukraine crisis and occupation of Crimea. In a letter dated Tuesday and released on Wednesday, the 13 Democratic and Republican U.S. lawmakers said they 'strongly encourage' FIFA to move the global competition. 'Allowing Russia to host the World Cup inappropriately bolsters the prestige of the (Russian President Vladimir) Putin regime at a time when it should be condemned and provides economic relief at a time when much of the international community is imposing economic sanctions,' the senators wrote to FIFA President Sepp Blatter. FIFA president Sepp Blatter announces Russia as the host nation for the 2018 World Cup . Republican John McCain is one of 13 US senators urging FIFA to think again . The lead signers were Senator Robert Menendez, the top Democrat on the Senate Foreign Relations Committee, and Senator Ron Johnson, the Republican chairman of the foreign relations panel's Europe subcommittee. Republican Senator John McCain, chairman of the Senate Armed Services Committee, also signed the letter, as did Senator Richard Durbin, the number two Democrat in the Senate. England are planning a bid to host Eur 2028 after last holding the tournament at home in 1996 . Meanwhile, England are interested in bidding for Euro 2028 but are very unlikely to bid for the 2026 World Cup, FA chairman Greg Dyke has revealed. FIFA announced last week that the decision on the 2026 tournament will be made in 2017 - when Blatter is still likely to be FIFA president. The FA has decided not to bid for FIFA tournaments while Blatter is still in power following England's failed bid for 2018, but is eyeing a bid for the European Championship in 2028.","Russia won the vote to host the 2018 World Cup .
US senators have asked FIFA to reconsider because of Ukraine crisis .
England are planning to bid for Euro 2028 after Sepp Blatter steps down .","FIFA president Sepp Blatter announces Russia as the host nation for the 2018 World Cup . Meanwhile, England are interested in bidding for Euro 2028 but are very unlikely to bid for the 2026 World Cup, FA chairman Greg Dyke has revealed. The FA has decided not to bid for FIFA tournaments while Blatter is still in power following England's failed bid for 2018, but is eyeing a bid for the European Championship in 2028.", 13 US senators have written to FIFA calling for Russia to be removed as host of the 2018 World Cup . FIFA announced last week that the decision on the 2026 tournament will be made in 2017 - when FIFA president Sepp Blatter is still in power . England are planning a bid to host Eur 2028 after last holding the tournament at home in 1996 .,0.25688073394495414,0.28865979381443296
"A Spanish town on the Camino de Santiago pilgrimage route is warning pilgrims and other visitors to stop defecating along the famous path. Graphic signs telling visitors not to stop for a poo break during their walk to the holy city of Santiago de Compostela, in north-western Spain, have been erected in the municipality of Lastres. But no one knows who put up the signs, which show a squatting figure defecating within a red circle with a diagonal line across it. Someone in the municipality of Lastres has posted signs warning pilgrims not to defecate on the trail . The pilgrimage, known as the Way of St James, attracts thousands of pilgrims every year, but there can be very few places to go when nature calls. In Lastres, angry residents have complained about pilgrims defecating outside their homes. The signs are posted next to warnings that urge people not to litter. The pilgrimage begins at various points, with the longest route nearly 500 miles from the Spain-France border, which lead to the Cathedral of Santiago de Compostela, where Saint James the Great is said to be buried. Antonio Fernandez, a resident of Lastres, told Spain’s EFE news agency that the signs are found to be so amusing they have become an attraction. Some pilgrims will walk nearly 500 miles (800 kilometres) to the Cathedral of Santiago de Compostela . Pilgrims and other visitors are now stopping to pose for photos with them, he added. Two other residents, Jose Ramon Fernandez and his wife, Maria Paz, said they were surprised the warning signs were posted, as the pilgrims ‘are very polite’ and ‘always friendly’. Lantres is a parish in Santos, and its mayor said ‘it makes no sense’ that there are no public facilities for pilgrims at regular points during their long journey on the historic route. Julio Gallego told the Spanish newspaper La Voz de Galicia that it is a ‘huge failure’ that needs to be remedied.","No one knows who put up the signs in the municipality of Lastres .
The signs show a figure defecating within a red circle with a line across it .
Angry residents claim pilgrims have defecated outside their homes .","A Spanish town on the Camino de Santiago pilgrimage route is warning pilgrims and other visitors to stop defecating along the famous path. Graphic signs telling visitors not to stop for a poo break during their walk to the holy city of Santiago de Compostela, in north-western Spain, have been erected in the municipality of Lastres. Someone in the municipality of Lastres has posted signs warning pilgrims not to defecate on the trail .", Sign shows squatting figure defecating within a red circle with a diagonal line across it . No one knows who put up the signs in the municipality of Lastres . The Camino de Santiago pilgrimage route attracts thousands of pilgrims every year . Angry residents in Lastres have complained that pilgrims defecate outside homes .,0.19819819819819823,0.4545454545454546
